DATE,KEYWORD,COUNT,TITLE,LINK
"Mon, 12 Oct 2020 08:00:00 +0100",Lakers,"10,000+",&#39;For Kobe&#39;: Lebron James leads LA Lakers to 17th NBA title,https://www.aljazeera.com/news/2020/10/12/lakers-beat-heat-to-clinch-first-nba-title-in-17-years
"Mon, 12 Oct 2020 18:00:00 +0100",Togo vs Sudan,"2,000+",International Friendly – Togo vs Sudan Preview &amp; Prediction,https://www.thestatszone.com/football/internationals/international-friendly-togo-vs-sudan-preview-prediction-1304502
"Sun, 11 Oct 2020 15:00:00 +0100",SARS Nigeria,"20,000+","#EndSARS: FG scraps SARS, bows to Youth pressure",https://nairametrics.com/2020/10/11/breaking-endsars-fg-scraps-sars-bows-to-youth-pressure/
"Sun, 11 Oct 2020 18:00:00 +0100",Rafael Nadal,"20,000+","Rafael Nadal Equals Slams Record Tally, Adds To Big Titles Haul ...",https://www.atptour.com/en/news/nadal-roland-garros-2020-big-titles
"Sun, 11 Oct 2020 23:00:00 +0100",Nigeria vs Tunisia,"5,000+","Nigeria vs. Tunisia: Preview, Probable Line-up, Prediction ...",https://soccernet.ng/2020/10/nigeria-vs-tunisia-preview-predicted-line-up-prediction.html
"Sun, 11 Oct 2020 20:00:00 +0100",Queer,"5,000+",Demi Lovato Says Watching &lt;i&gt;Cruel Intentions&lt;/i&gt; Made Her ...,https://www.elle.com/culture/movies-tv/a34339087/demi-lovato-cruel-intentions-queer/
"Sun, 11 Oct 2020 21:00:00 +0100",England,"2,000+",Redknapp identifies what Mount needs to do to become England&#39;s ...,https://www.goal.com/en/news/redknapp-mount-needs-to-do-england-de-bruyne/104wrh8mrrcfp1vzst0p5u0flw
"Sat, 10 Oct 2020 18:00:00 +0100",Ondo State election results 2020,"100,000+",Rotimi Akeredolu wins Ondo governorship election,https://nairametrics.com/2020/10/11/rotimi-akeredolu-wins-ondo-governorship-election/
"Sat, 10 Oct 2020 20:00:00 +0100",Spain vs Switzerland,"20,000+","Spain vs. Switzerland - Football Match Report - October 10, 2020 ...",http://www.espn.com/soccer/report?gameId=570718
"Sat, 10 Oct 2020 07:00:00 +0100",Brazil vs Bolivia,"10,000+","Brazil vs. Bolivia - Football Match Report - October 9, 2020 - ESPN",https://www.espn.com/soccer/report?gameId=561094
"Sat, 10 Oct 2020 23:00:00 +0100",CHANNELS TV,"5,000+",Suspected Bandits Kill Three In Niger,https://www.channelstv.com/2020/10/12/suspected-bandits-kill-three-in-niger/
"Sat, 10 Oct 2020 21:00:00 +0100",Jimoh Isiaq,"5,000+",Jimoh Isiaq: Oyo senators condemn killing of ENDSARS protester by ...,https://www.pulse.ng/news/local/jimoh-isiaq-oyo-senators-condemn-killing-of-endsars-protester-by-police-in-ogbomosho/l6v8yen
"Sat, 10 Oct 2020 02:00:00 +0100",MBE,"5,000+",Marcus Rashford awarded MBE in Queen&#39;s Birthday honors list - CNN,https://edition.cnn.com/2020/10/10/football/marcus-rashford-manchester-united-gbr-spt-intl-scli/index.html
"Sat, 10 Oct 2020 22:00:00 +0100",SaharaReporters,"5,000+",Oluwo Of Iwo&#39;s Vehicle Stolen In Lagos Hotel | Sahara Reporters,http://saharareporters.com/2020/10/11/oluwo-iwo%E2%80%99s-vehicle-stolen-lagos-hotel
"Sat, 10 Oct 2020 16:00:00 +0100",Ondo decides,"5,000+",#Ondo Decides: INEC creating problem — Jegede,https://www.vanguardngr.com/2020/10/ondo-decides-inec-creating-problem-jegede/
"Sat, 10 Oct 2020 11:00:00 +0100",What is pollution,"2,000+","Delhi: Pollution levels likely to dip today, reach moderate level",https://www.hindustantimes.com/delhi-news/delhi-pollution-levels-likely-to-dip-today-reach-moderate-level/story-JeOEsE6r06VMWQQ7YhmzJK.html
"Tue, 13 Oct 2020 12:00:00 +0100",EndSARS protest,"10,000+",Nigeria End Sars protests: Kanye West and other stars speak out ...,https://www.cnn.com/2020/10/13/africa/global-end-sars-protests-nigeria-intl/index.html
"Tue, 13 Oct 2020 03:00:00 +0100",No Bra Day,"5,000+",What is No Bra Day and why is it trending on social media?,https://www.basingstokegazette.co.uk/news/18790480.no-bra-day-trending-social-media/
"Tue, 13 Oct 2020 15:00:00 +0100",Flutterwave,"5,000+",#ENDSARS: Central Bank of Nigeria Allegedly Summons ...,https://technext.ng/2020/10/13/endsars-central-bank-of-nigeria-allegedly-summons-flutterwave-cuts-off-donation-bank-accounts/
"Tue, 13 Oct 2020 00:00:00 +0100",Columbus Day,"5,000+","Trevor Noah Takes On Columbus Day Controversy, Proposes Italian ...",https://deadline.com/2020/10/trevor-noah-columbus-day-dr-anthony-fauci-1234596255/
"Tue, 13 Oct 2020 13:00:00 +0100",Kemi Olunloyo,"2,000+",Twitter suspends Kemi Olunloyo&#39;s account for supporting SARS ...,https://www.vanguardngr.com/2020/10/twitter-suspends-kemi-olunloyos-account-for-supporting-sars-fans-rejoice/
"Tue, 13 Oct 2020 13:00:00 +0100",13-Oct,"2,000+","5 things to know for October 13: Coronavirus, Supreme Court ...",https://www.cnn.com/2020/10/13/us/five-things-october-13-trnd/index.html
"Tue, 13 Oct 2020 17:00:00 +0100",J.P Clark,"2,000+","J.P. Clark, legendary Nigerian poet, is dead",https://www.premiumtimesng.com/news/top-news/420429-j-p-clark-legendary-nigerian-poet-is-dead.html
"Mon, 12 Oct 2020 19:00:00 +0100",Ghana vs Qatar,"5,000+",Arsenal news: Thomas Partey excites fans with stunning highlights ...,https://www.givemesport.com/1607339-arsenal-news-thomas-partey-excites-fans-with-stunning-highlights-for-ghana-v-qatar
"Sun, 11 Oct 2020 15:00:00 +0100",SARS Nigeria,"20,000+",Nigerians Demand an End to Police Squad Known as SARS,https://www.nytimes.com/2020/10/12/world/africa/nigeria-protests-police-sars.html
"Sun, 11 Oct 2020 18:00:00 +0100",Rafael Nadal,"20,000+",&#39;Nadal has shown me that I was wrong&#39; - Novak Djokovic&#39;s coach ...,https://tennishead.net/nadal-has-shown-me-that-i-was-wrong-novak-djokovics-coach-forced-into-embarrassing-admission/
"Sun, 11 Oct 2020 20:00:00 +0100",Queer,"5,000+",Nico Tortorella Wants You to Know Your Queer History,https://www.advocate.com/exclusives/2020/10/02/nico-tortorella-wants-you-know-your-queer-history
"Sun, 11 Oct 2020 21:00:00 +0100",England,"2,000+",England&#39;s simpler three-tier Covid system may not be enough,https://www.theguardian.com/world/2020/oct/12/englands-three-tier-covid-system-brings-much-needed-clarity
"Wed, 14 Oct 2020 03:00:00 +0100",Nigeria Youth Investment Fund,"10,000+",FG releases link to apply for N75bn youth investment funds,https://www.legit.ng/1374745-fg-releases-link-apply-n75bn-youth-investment-funds.html
"Wed, 14 Oct 2020 13:00:00 +0100",Cardi B,"5,000+",Cardi B Responds After Accidentally Going Topless On Instagram,https://www.cinemablend.com/television/2556783/cardi-b-responds-after-accidentally-going-topless-on-instagram
"Wed, 14 Oct 2020 13:00:00 +0100",Nigeria SWAT,"2,000+",#EndSARS: IGP issues new mandates for SWAT,https://nairametrics.com/2020/10/14/endsars-igp-issues-new-mandates-for-swat/
"Wed, 14 Oct 2020 18:00:00 +0100",Ahmed Musa,"2,000+",🦅 Ahmed Musa fact file | Futaa.com Nigeria,https://futaa.com/ng/article/214815/ahmed-musa-fact-file
"Tue, 13 Oct 2020 19:00:00 +0100",iPhone 12,"100,000+",The iPhone 12 mini seems like the small iPhone I&#39;ve been waiting for,https://www.theverge.com/2020/10/14/21515399/iphone-12-mini-phone-waiting-small-phone-smartphones
"Tue, 13 Oct 2020 12:00:00 +0100",SWAT,"50,000+","Inspector General of Police sets up new outfit, SWAT to replace SARS",https://nairametrics.com/2020/10/13/just-in-inspector-general-of-police-sets-up-new-outfit-swat-to-replace-sars/
"Tue, 13 Oct 2020 21:00:00 +0100",Ronaldo,"10,000+",&#39;Ronaldo wants to play!&#39; - Juventus star left frustrated after ...,https://www.goal.com/en/news/ronaldo-wants-to-play-juventus-star-left-frustrated-after/bi2or5mz50wg1r47941sedaxh
"Tue, 13 Oct 2020 15:00:00 +0100",Flutterwave,"10,000+",#EndSARS: Flutterwave Chairman says he ordered closure of firm&#39;s ...,https://nairametrics.com/2020/10/13/endsars-flutterwave-chairman-says-he-ordered-closure-of-firms-payment-platform/
"Tue, 13 Oct 2020 17:00:00 +0100",J.P. Clark,"10,000+","Buhari, Omo-Agege, Obaseki, Eghagha others mourn renowned ...",https://www.vanguardngr.com/2020/10/buhari-omo-agege-obaseki-eghagha-others-mourn-renowned-poet-jp-clark/
"Tue, 13 Oct 2020 03:00:00 +0100",No Bra Day,"10,000+",Boris Johnson says &#39;circuit breaker&#39; national lockdown would be a ...,https://www.thesun.co.uk/news/12920175/october-13-no-bra-day-celebration-breast-cancer/
"Tue, 13 Oct 2020 13:00:00 +0100",Kemi Olunloyo,"5,000+","I control you, Kemi Olunloyo says after Nigerians rejoiced over news ...",https://www.legit.ng/1374227-i-control-kemi-olunloyo-nigerians-rejoiced-news-twitter-suspension.html
"Tue, 13 Oct 2020 13:00:00 +0100",13-Oct,"5,000+","Coronavirus (COVID-19) Update: Daily Roundup October 13, 2020",https://www.fda.gov/news-events/press-announcements/coronavirus-covid-19-update-daily-roundup-october-13-2020
"Tue, 13 Oct 2020 00:00:00 +0100",Columbus Day,"5,000+","Opinion: Columbus Day, a celebration of death and deception",https://thesuffolkjournal.com/30674/opinion/opinion-columbus-day-a-celebration-of-death-and-deception/
"Thu, 15 Oct 2020 15:00:00 +0100",Paystack,"10,000+",Paystack acquired by Stripe for a reported $200 million in the ...,https://nairametrics.com/2020/10/15/paystack-acquired-by-stripe-for-200-million-in-the-biggest-fintech-acquisition-in-nigerias-history/
"Thu, 15 Oct 2020 04:00:00 +0100",Jack Dorsey,"10,000+",Twitter&#39;s Jack Dorsey urges Bitcoin donations to fight police brutality ...,https://cointelegraph.com/news/twitter-s-jack-dorsey-urges-bitcoin-donations-to-fight-police-brutality-in-nigeria
"Thu, 15 Oct 2020 09:00:00 +0100",Jack,"2,000+",Shugaban Twitter na shan yabo da suka saboda goyon bayan ...,https://www.bbc.com/hausa/rahotanni-54551991
"Thu, 15 Oct 2020 17:00:00 +0100",Owner of Twitter,"2,000+",Facebook and Twitter CEOs will have to answer to Senate ...,https://www.cnbc.com/2020/10/15/facebook-twitter-ceos-set-to-answer-to-senate-after-reducing-ny-post-story-distribution.html
"Thu, 15 Oct 2020 17:00:00 +0100",MC Oluomo,"2,000+",MC Oluomo not behind attacks on #EndSARS protesters ...,https://punchng.com/mc-oluomo-not-behind-attacks-on-endsars-protesters-spokesman/
"Wed, 14 Oct 2020 03:00:00 +0100",Nigeria Youth Investment Fund,"20,000+",Three tins wey you need know about di Nigeria Youth Investment ...,https://www.bbc.com/pidgin/tori-54551318
"Wed, 14 Oct 2020 13:00:00 +0100",Cardi B,"20,000+",Cardi B speaks out after accidentally posting topless photo on ...,https://www.wionews.com/entertainment/cardi-b-speaks-out-after-accidentally-posting-topless-photo-on-instagram-335352
"Wed, 14 Oct 2020 19:00:00 +0100",England vs Denmark,"10,000+","England vs. Denmark - Football Match Report - October 14, 2020 ...",https://www.espn.com/soccer/report?gameId=570698
"Wed, 14 Oct 2020 20:00:00 +0100",Croatia vs France,"10,000+","Croatia vs. France - Football Match Report - October 14, 2020 - ESPN",https://www.espn.com/soccer/report?gameId=570699
"Wed, 14 Oct 2020 18:00:00 +0100",Ahmed Musa,"5,000+",NFF celebrates Ahmed Musa at 27 - Latest Sports News In Nigeria,https://www.brila.net/nff-celebrates-ahmed-musa-at-27/
"Wed, 14 Oct 2020 22:00:00 +0100",Iceland vs Belgium,"5,000+","Iceland vs. Belgium - Football Match Report - October 14, 2020 - ESPN",https://www.espn.com/soccer/report?gameId=570697
"Wed, 14 Oct 2020 01:00:00 +0100",Argentina,"5,000+","Neymar&#39;s Brazil, Messi&#39;s Argentina lead World Cup qualifying",https://www.dawn.com/news/1585066/neymars-brazil-messis-argentina-lead-world-cup-qualifying
"Tue, 13 Oct 2020 19:00:00 +0100",iPhone 12,"100,000+","Apple iPhone 12, iPhone 12 Pro appear on AnTuTu, fail to impress",https://www.gsmarena.com/apple_iphone_12_iphone_12_pro_appear_on_antutu_fail_to_impress-news-45798.php
"Tue, 13 Oct 2020 12:00:00 +0100",SWAT,"50,000+",See five important facts about new SWAT police team - BBC News ...,https://www.bbc.com/pidgin/tori-54543803
"Tue, 13 Oct 2020 21:00:00 +0100",Ronaldo,"20,000+","Cristiano Ronaldo tests positive for coronavirus, leaves Portugal ...",https://www.espn.com/soccer/portugal-por/story/4207168/cristiano-ronaldo-tests-positive-for-coronavirusleaves-portugal-squad
"Tue, 13 Oct 2020 15:00:00 +0100",Flutterwave,"10,000+",Update-#EndSARS: Flutterwave Chairman says he ordered closure ...,https://nairametrics.com/2020/10/13/endsars-flutterwave-chairman-says-he-ordered-closure-of-firms-payment-platform/
"Tue, 13 Oct 2020 17:00:00 +0100",JP Clark,"10,000+","OBITUARY: JP Clark, literacy icon who resisted the urge to be ...",https://www.thecable.ng/obituary-jp-clark-literacy-icon-who-resisted-the-urge-to-be-distracted-from-his-calling
"Fri, 16 Oct 2020 00:00:00 +0100",Reekado Banks,"5,000+",Wizkid blast Reekado Banks insult for &#39;Omo Olomo&#39; drop inside ...,https://www.bbc.com/pidgin/tori-54566869
"Fri, 16 Oct 2020 09:00:00 +0100",Chelsea vs Southampton,"5,000+","Chelsea vs Southampton preview, team news, kick-off",https://www.skysports.com/football/chelsea-vs-soton/preview/428877
"Fri, 16 Oct 2020 17:00:00 +0100",Fantasy Premier League,"2,000+","Fantasy Premier League tips | Gameweek 5 transfers, Kevin De ...",https://www.radiotimes.com/news/sport/2020-10-16/fantasy-premier-league-tips-transfers-injury-news/
"Thu, 15 Oct 2020 16:00:00 +0100",ASUU,"100,000+",Strike: FG to release N30bn earned allowances to ASUU,https://www.premiumtimesng.com/news/top-news/421183-strike-fg-to-release-n30bn-earned-allowances-to-asuu.html
"Thu, 15 Oct 2020 23:00:00 +0100",Events,"50,000+",Live Trump vs. Biden 2020 Election Updates and Analysis: Town ...,https://www.nytimes.com/live/2020/10/16/us/trump-biden-town-halls
"Thu, 15 Oct 2020 15:00:00 +0100",Paystack,"50,000+",Stripe acquires Nigeria&#39;s Paystack for $200M+ to expand into the ...,https://techcrunch.com/2020/10/15/stripe-acquires-nigerias-paystack-for-200m-to-expand-into-the-african-continent/
"Thu, 15 Oct 2020 04:00:00 +0100",Twitter,"20,000+","#EndSARS: Hacker group, Anonymous hacks National ...",https://nairametrics.com/2020/10/16/endsars-hacker-group-anonymous-hacks-national-broadcasting-commissions-twitter-account/
"Thu, 15 Oct 2020 20:00:00 +0100",Düren vs Bayern,"20,000+",Choupo-Moting named man of the match on Bayern Munich debut ...,https://www.goal.com/en/news/choupo-moting-named-man-of-the-match-on-bayern-munich-debut/1k6592azk6h9a1ag02qbck0brz
"Thu, 15 Oct 2020 21:00:00 +0100",Premier League standings,"10,000+",Manchester City vs Arsenal: 5 key battles | Premier League 2020-21,https://www.sportskeeda.com/football/manchester-city-vs-arsenal-5-key-battles-premier-league-2020-21
"Thu, 15 Oct 2020 12:00:00 +0100",Anonymous,"5,000+","#EndSARS: Popular hacking group, Anonymous allegedly hacks ...",https://nairametrics.com/2020/10/15/endsars-popular-hacking-group-anonymous-allegedly-hacks-nigerian-govt-websites/
"Thu, 15 Oct 2020 18:00:00 +0100",James Nwafor,"5,000+","#EndSARS: Obiano sacks security aide, James Nwafor",https://www.premiumtimesng.com/regional/ssouth-east/421058-endsars-obiano-sacks-security-aide-james-nwafor.html
"Thu, 15 Oct 2020 17:00:00 +0100",MC Oluomo,"5,000+","VIDEO: #EndSARS: Lagos protesters reject food, drinks sent by ...",https://www.premiumtimesng.com/news/headlines/421198-video-endsars-lagos-protesters-reject-food-drinks-sent-by-nurtw-chief-mc-oluomo.html
"Thu, 15 Oct 2020 20:00:00 +0100",Infinix Note 8,"5,000+",Infinix Note 8 and Note 8i go official,https://www.gsmarena.com/infinix_note_8_and_note_8i_get_official-news-45819.php
"Thu, 15 Oct 2020 10:00:00 +0100",Adamu Garba,"5,000+",Nigeria: #EndSARS - Adamu Garba Threatens to Sue Twitter CEO If...,https://allafrica.com/stories/202010150884.html
"Thu, 15 Oct 2020 22:00:00 +0100",Malcolm X,"5,000+","Review: &#39;The Dead Are Arising,&#39; by Les Payne and Tamara Payne",https://www.theatlantic.com/magazine/archive/2020/11/the-making-of-malcolm-x/616481/
"Wed, 14 Oct 2020 13:00:00 +0100",Cardi B,"20,000+",Cardi B says she has decided not to divorce Offset,https://www.nme.com/news/music/cardi-b-says-she-has-decided-not-to-divorce-offset-2786261
"Wed, 14 Oct 2020 03:00:00 +0100",Nigeria Youth Investment Fund,"20,000+",ALERT: You can now register for FG&#39;s N75bn youth investment fund ...,https://www.thecable.ng/alert-you-can-now-register-for-fgs-n75bn-youth-investment-fund
"Wed, 14 Oct 2020 19:00:00 +0100",England vs Denmark,"20,000+",Neville identifies &#39;predictable&#39; England&#39;s biggest flaw after UEFA ...,https://www.goal.com/en/news/neville-southgate-predictable-tactics-selection-policy/1bo8ychcw67kozxlffatbndy7
"Wed, 14 Oct 2020 20:00:00 +0100",Croatia vs France,"10,000+","Croatia vs France Betting Tips: Latest odds, team news, preview and ...",https://www.goal.com/en/news/croatia-vs-france-betting-tips-latest-odds-team-news-preview-and-/1b1zd1ul8s9rw14a5w6yl0p59f
"Sat, 17 Oct 2020 01:00:00 +0100",INEC,"10,000+","INEC nomination: IPAC disowns AAC chair, Nzenwa",https://www.vanguardngr.com/2020/10/inec-nomination-ipac-disowns-aac-chair-nzenwa/
"Sat, 17 Oct 2020 15:00:00 +0100",Napoli vs; Atalanta,"10,000+",Napoli vs Atalanta live stream: How to watch Serie A online,https://www.squawka.com/en/napoli-v-atalanta-live-stream-watch-online-serie-a-predictions
"Sat, 17 Oct 2020 13:00:00 +0100",Dolapo Badmus,"10,000+","Abayomi Shogunle, Dolapo Badmus others dismissed as police ...",https://www.pulse.ng/news/local/abayomi-shogunle-dolapo-badmus-others-dismissed-as-police-release-names-of-dismissed/v2c2yck
"Sat, 17 Oct 2020 17:00:00 +0100",Real Madrid vs cádiz,"5,000+",Real Madrid vs Cadiz live stream: How to watch La Liga online,https://www.squawka.com/en/real-madrid-v-cadiz-live-stream-watch-online-la-liga-predictions/
"Sat, 17 Oct 2020 14:00:00 +0100",La Liga,"5,000+",La Liga chief says Lionel Messi is “essential” to Spanish football ...,https://www.fourfourtwo.com/news/la-liga-chief-says-lionel-messi-is-essential-to-spanish-football-unlike-cristiano-ronaldo-and-neymar
"Sat, 17 Oct 2020 16:00:00 +0100",Celta Vigo vs Atlético Madrid,"2,000+",Celta Vigo vs. Atletico Madrid - Football Match Report - October 17 ...,https://africa.espn.com/football/report?gameId=582143
"Sat, 17 Oct 2020 17:00:00 +0100",Laliga,"2,000+",La Liga LIVE: Athletic Club vs Levante Head to Head Statistics ...,https://www.insidesport.co/la-liga-live-athletic-club-vs-levante-head-to-head-statistics-laliga-live-streaming-link-teams-stats-up-results/
"Sat, 17 Oct 2020 13:00:00 +0100",Liverpool FC,"2,000+",Mohamed Salah joins Liverpool&#39;s 100-goal club,https://www.liverpoolfc.com/news/first-team/411992-mohamed-salah-joins-liverpool-s-100-goal-club
"Sat, 17 Oct 2020 15:00:00 +0100",Hoffenheim vs Dortmund,"2,000+","Hoffenheim vs. Borussia Dortmund Odds, Betting Picks, Predictions ...",https://www.actionnetwork.com/soccer/bundesliga-odds-picks-and-predictions-hoffenheim-vs-borussia-dortmund-saturday-oct-17
"Sat, 17 Oct 2020 14:00:00 +0100",Granada vs Sevilla,"2,000+",La Liga Matchday 6 Preview: All four Champions League sides feature in action-packed Saturday,https://www.goal.com/en/news/la-liga-matchday-6-preview-all-four-champions-league-sides/5lptb1bg3bip1tb9rpsdsiy8t
"Sat, 17 Oct 2020 17:00:00 +0100",Live Score Today,"2,000+","RCB vs RR Highlights, IPL 2020: De Villiers special helps RCB beat ...",https://sportstar.thehindu.com/cricket/ipl/ipl-news/rcb-vs-rr-royal-challengers-bangalore-vs-rajasthan-royals-ipl-2020-live-score-streaming/article32879431.ece
"Sat, 17 Oct 2020 15:00:00 +0100",Sevilla,"2,000+",Suárez helps Atlético end scoring drought; Sevilla loses,https://www.washingtonpost.com/sports/soccer/suarez-helps-atletico-end-scoring-drought-sevilla-loses/2020/10/17/291ba806-1097-11eb-b404-8d1e675ec701_story.html
"Fri, 16 Oct 2020 09:00:00 +0100",Chelsea vs Southampton,"100,000+",Team news: Chelsea vs Southampton | Official Site | Chelsea ...,https://www.chelseafc.com/en/news/2020/10/17/team-news--chelsea-vs-southampton
"Fri, 16 Oct 2020 00:00:00 +0100",CBN,"50,000+",#EndSARS: We were not hacked – CBN,https://nairametrics.com/2020/10/17/endsars-we-were-not-hacked-cbn/
"Fri, 16 Oct 2020 20:00:00 +0100",Nîmes vs Paris,"20,000+",NIM Vs PSG Fantasy Prediction: Nimes Vs PSG Best Fantasy Picks ...,https://thesportsrush.com/nim-vs-psg-fantasy-prediction-nimes-vs-psg-best-fantasy-picks-for-ligue-1-2020-21-match/
"Sat, 17 Oct 2020 14:00:00 +0100",Real Madrid vs cádiz,"50,000+","Real Madrid vs. Cádiz - Football Match Report - October 17, 2020 ...",https://www.espn.com/soccer/report?gameId=582145
"Sat, 17 Oct 2020 19:00:00 +0100",Getafe vs Barcelona,"50,000+",Getafe vs Barcelona live stream: How to watch La Liga online,https://www.squawka.com/en/getafe-v-barcelona-live-stream-watch-online-la-liga-predictions/
"Sat, 17 Oct 2020 19:00:00 +0100",Live scores,"20,000+",Ruthless All Blacks brutally expose Wallabies&#39; fatal flaw to extend 34 ...,https://www.foxsports.com.au/rugby/bledisloe-cup/bledisloe-cup-ii-live-2020-australia-v-new-zealand-wallabies-vs-all-blacks-start-time-score-where-to-watch-stream-blog-updates/news-story/0d92e087b662e364f07dc1b8c08d2b2e
"Sat, 17 Oct 2020 16:00:00 +0100",Juventus,"20,000+",Pirlo pleads for patience at Juventus after &#39;naive errors&#39; in Crotone ...,https://www.goal.com/en/news/pirlo-pleads-for-patience-at-juventus-after-naive-errors-in/1u3vumwn50hsp18ikhs4o2hfn1
"Sat, 17 Oct 2020 00:00:00 +0100",EFCC,"20,000+","EFCC, Amuwo Odofin LG websites hacked",https://guardian.ng/news/efcc-amuwo-odofin-lg-websites-hacked/
"Sat, 17 Oct 2020 19:00:00 +0100",Crotone vs Juventus,"10,000+","Crotone vs. Juventus - Football Match Report - October 18, 2020 ...",https://www.espn.in/football/report?gameId=583125
"Sat, 17 Oct 2020 01:00:00 +0100",INEC,"10,000+",Buhari&#39;s nomination of Onochie as INEC commissioner insensitive ...,https://punchng.com/buharis-nomination-of-onochie-as-inec-commissioner-insensitive-adegboruwa/
"Sat, 17 Oct 2020 14:00:00 +0100",FirstBank,"10,000+",Our website not shut down – First Bank of Nigeria Plc,https://nairametrics.com/2020/10/17/our-website-not-shut-down-first-bank-of-nigeria-plc/
"Sat, 17 Oct 2020 18:00:00 +0100",Arminia vs Bayern,"10,000+",Arminia vs Bayern Munich live stream: How to watch Bundesliga ...,https://www.squawka.com/en/arminia-v-bayern-munich-live-stream-watch-online-bundesliga-predictions/
"Sat, 17 Oct 2020 22:00:00 +0100",Bbc sport,"5,000+",Has &#39;Germany&#39;s Messi&#39; been handed a career lifeline?,https://www.bbc.co.uk/sport/football/54550927
"Sat, 17 Oct 2020 16:00:00 +0100",Celta Vigo vs atlético Madrid,"5,000+",Celta Vigo vs Atletico Madrid live stream: How to watch La Liga online,https://www.squawka.com/en/celta-vigo-v-atletico-madrid-live-stream-watch-online-la-liga-predictions/
"Sat, 17 Oct 2020 21:00:00 +0100",Nigerian Army,"5,000+",#EndSARS: Nigerian Army set to commence Exercise Crocodile ...,https://nairametrics.com/2020/10/18/endsars-nigerian-army-set-to-commence-exercise-crocodile-smile-vi/
"Sat, 17 Oct 2020 17:00:00 +0100",Live score Today,"2,000+","IPL 2020 Highlights, DC vs CSK Match, Full Cricket S..wicket win ...",https://www.firstpost.com/firstcricket/sports-news/dc-vs-csk-live-score-ipl-2020-today-cricket-match-between-delhi-capitals-chennai-super-kings-online-at-sharjah-8920811.html
"Sat, 17 Oct 2020 20:00:00 +0100",Atletico Madrid,"2,000+",Suarez&#39;s La Liga goal mark second only to Ronaldo as Atletico ...,https://www.goal.com/en/news/suarez-la-liga-goal-second-only-ronaldo-atletico-madrid-150/1o4rpmjfac7nl1t3x1pnbn3tsi
"Tue, 20 Oct 2020 12:00:00 +0100",Champions League fixtures,"10,000+",Which Premier League fixtures follow European games in the 2020 ...,https://www.skysports.com/football/news/11095/12108543/which-premier-league-fixtures-follow-european-games-in-the-2020-21-season
"Tue, 20 Oct 2020 00:00:00 +0100",Dele Giwa,"10,000+","34 years after murder, Dele Giwa&#39;s family seeks justice, colleague ...",https://guardian.ng/features/media/34-years-after-murder-dele-giwas-family-seeks-justice-colleague-insists-on-govt-investigation/
"Tue, 20 Oct 2020 11:00:00 +0100",Orile Police Station,"5,000+",Hoodlums burn Orile police station for Lagos - BBC News Pidgin,https://www.bbc.com/pidgin/tori-54611171
"Tue, 20 Oct 2020 17:00:00 +0100",Adamu Garba,"2,000+",Adamu Garba wants court to ban Twitter from operating in Nigeria,https://guardian.ng/news/adamu-garba-wants-court-to-ban-twitter-from-operating-in-nigeria/
"Tue, 20 Oct 2020 10:00:00 +0100",Allow,"2,000+","EU May Shut Door to Travel From Canada, Allow Singapore Visitors",https://www.bloomberg.com/news/articles/2020-10-20/eu-may-shut-door-to-travel-from-canada-allow-singapore-visitors
"Tue, 20 Oct 2020 17:00:00 +0100",Dynamo Kyiv vs Juventus,"2,000+",UEFA Champions League: Dynamo Kyiv vs. Juventus live stream ...,https://ftw.usatoday.com/2020/10/uefa-champions-league-dynamo-kyiv-vs-juventus-live-stream-tv-channel-lineups-odds-start-time
"Tue, 20 Oct 2020 13:00:00 +0100",Bit.ly,"2,000+","Digital Transformation in Asia: CEOs of Sea Limited, Logiq, Peak ...",https://www.globenewswire.com/news-release/2020/10/20/2111223/0/en/Digital-Transformation-in-Asia-CEOs-of-Sea-Limited-Logiq-Peak-Fintech-and-Pinduoduo-Discuss-Growth-Opportunities-in-Fintech-E-Commerce-E-Sports.html
"Mon, 19 Oct 2020 15:00:00 +0100",Curfew,"50,000+","Lagos state imposes 24-hour curfew, as hoodlums hijack ...",https://nairametrics.com/2020/10/20/breaking-endsars-lagos-state-imposes-24-hour-curfew/
"Mon, 19 Oct 2020 14:00:00 +0100",Champions League,"20,000+",Champions League possible line-ups and team news,https://www.uefa.com/uefachampionsleague/news/0262-10a5ca1e95bf-1a0a85a32a31-1000--possible-line-ups-team-news/
"Mon, 19 Oct 2020 20:00:00 +0100",Leeds United vs Wolves,"10,000+",Wolves win at Leeds a &#39;massive result&#39;,https://www.bbc.co.uk/sport/football/54504241
"Mon, 19 Oct 2020 14:00:00 +0100",Chelsea vs Sevilla,"10,000+",Pre-Match Briefing: Chelsea vs Sevilla,https://www.chelseafc.com/en/news/2020/10/20/pre-match-briefing--chelsea-vs-sevilla
"Mon, 19 Oct 2020 17:00:00 +0100",Benin prison break,"10,000+",See how Benin Prison break take happen - BBC News Pidgin,https://www.bbc.com/pidgin/world-54606158
"Mon, 19 Oct 2020 19:00:00 +0100",West Brom vs Burnley,"5,000+",West Brom &amp; Burnley play out first 0-0,https://www.bbc.co.uk/sport/football/54504242
"Mon, 19 Oct 2020 23:00:00 +0100",Continue,"5,000+",In Pictures: #EndSARS protests continue in Nigeria,https://www.aljazeera.com/gallery/2020/10/20/in-pictures-nigerian-anti-police-protests-continue/
"Mon, 19 Oct 2020 00:00:00 +0100",Malcolm X,"2,000+",Malcolm X slapped white girls &#39;as revenge for discrimination&#39;,https://www.dailymail.co.uk/news/article-8848587/Malcolm-X-used-slap-white-girls-white-race.html
"Sun, 18 Oct 2020 16:00:00 +0100",Tottenham vs West Ham,"50,000+",Tottenham v West Ham live stream: Premier League kick-off time ...,https://talksport.com/football/774057/tottenham-v-west-ham-live-stream-premier-league-kick-off-time-team-news-tv-channel-how-to-watch/
"Sun, 18 Oct 2020 19:00:00 +0100",Leicester City Vs Aston Villa,"20,000+",Rodgers explains how Leicester City players can help Slimani after ...,https://www.goal.com/en/news/rodgers-explains-how-leicester-city-players-can-help-slimani/1gtcb95dpquoc17hiuetdtq80n
"Sun, 18 Oct 2020 19:00:00 +0100",Soro Soke Radio,"20,000+","#EndSARS: Protesters launch helpline centre, online radio platform ...",https://nairametrics.com/2020/10/18/endsars-protesters-launch-helpline-centre-online-radio-platform-soro-soke/
"Wed, 21 Oct 2020 14:00:00 +0100",Twitter,"20,000+","Twitter Starts Limiting Retweets for US Elections, But Also Explains ...",https://gadgets.ndtv.com/apps/news/twitter-throttles-retweets-us-election-how-to-still-use-this-feature-2313454
"Wed, 21 Oct 2020 16:00:00 +0100",SaharaReporters,"10,000+",&#39;How Do You Sleep At Night?&#39; —Nigerians Ask Osinbajo Following ...,http://saharareporters.com/2020/10/21/how-do-you-sleep-night-%E2%80%94nigerians-ask-osinbajo-following-killings-endsars-protesters
"Wed, 21 Oct 2020 17:00:00 +0100",Real Madrid vs Shakhtar Donetsk,"10,000+",How to Watch Real Madrid vs. Shakhtar Donetsk,https://www.si.com/soccer/2020/10/21/real-madrid-shakhtar-donetsk-live-stream-watch-champions-league-online-tv
"Wed, 21 Oct 2020 12:00:00 +0100",Latest news,"5,000+",Coronavirus latest: New York reports 2000 new cases for first time ...,https://www.ft.com/content/2aebe79a-f69d-3c7f-9af8-2c2a00392612
"Wed, 21 Oct 2020 00:00:00 +0100",Black,"5,000+",Walmart&#39;s Black Friday sales start Nov. 4. Here are the best deals ...,https://www.cnet.com/news/walmarts-black-friday-sales-start-nov-4-here-are-the-best-deals-already-announced/
"Wed, 21 Oct 2020 11:00:00 +0100",Nnamdi Kanu,"5,000+","Lekki tollgate shooting: Nnamdi Kanu reacts, tells End SARS ...",https://dailypost.ng/2020/10/21/lekki-tollgate-shooting-nnamdi-kanu-reacts-tells-end-sars-protesters-what-to-do/
"Wed, 21 Oct 2020 00:00:00 +0100",LCC,"5,000+","LCC, Globe present webinar to help LGUs become disaster resilient ...",https://www.ptvnews.ph/lcc-globe-present-webinar-to-help-lgus-become-disaster-resilient/
"Wed, 21 Oct 2020 13:00:00 +0100",Punch Newspaper Today,"2,000+","Looter burns down Lagos court, wears judge&#39;s robe",https://punchng.com/looter-burns-down-lagos-court-wears-judges-robe/
"Wed, 21 Oct 2020 12:00:00 +0100",Joe Biden,"2,000+",#EndSARS: Joe Biden issues press release on violent crackdown of ...,https://nairametrics.com/2020/10/21/joe-biden-urges-buhari-and-military-to-cease-the-violent-crackdown-on-protesters/
"Wed, 21 Oct 2020 17:00:00 +0100",News today,"2,000+",Tracking more spotty showers today - ABC17NEWS,https://abc17news.com/weather/2020/10/21/tracking-more-spotty-showers-today/
"Wed, 21 Oct 2020 09:00:00 +0100",ICC,"2,000+","#EndSARS: Buhari, others dragged to ICC",https://www.pmnewsnigeria.com/2020/10/21/endsars-buhari-others-dragged-to-icc/
"Wed, 21 Oct 2020 16:00:00 +0100",Oba of Lagos,"2,000+",#EndSARS: Soldiers evacuate Oba of Lagos as angry youth ...,https://www.premiumtimesng.com/news/headlines/422107-endsars-soldiers-evacuates-oba-of-lagos-as-angry-youth-vandalise-palace.html
"Wed, 21 Oct 2020 13:00:00 +0100",Niger Delta militants,"2,000+",Nigeria: Zamfara Gold - Ijaw Youths Threaten to Ground Niger Delta,https://allafrica.com/stories/202010210278.html
"Wed, 21 Oct 2020 13:00:00 +0100",BBC hausa live,"2,000+",An cinna wa hedikwatar hukumar NPA wuta a Legas - BBC Hausa,https://www.bbc.com/hausa/live/labarai-54627500
"Wed, 21 Oct 2020 11:00:00 +0100",State of emergency,"2,000+",State of emergency to continue until Nov 30,https://www.bangkokpost.com/thailand/general/2005935/state-of-emergency-to-continue-until-nov-30
"Wed, 21 Oct 2020 11:00:00 +0100",Pray for Nigeria,"2,000+",Odion Ighalo and Anthony Joshua condemn police brutality in ...,https://www.cnn.com/2020/10/21/sport/nigeria-protests-odion-ighalo-anthony-joshua-spt-intl/index.html
"Wed, 21 Oct 2020 08:00:00 +0100",Ogun State news,"2,000+","#EndSARS: Ogun govt orders schools closure, ban Okada operations",https://www.premiumtimesng.com/regional/ssouth-west/421956-endsars-ogun-govt-orders-schools-closure-ban-okada-operations.html
"Wed, 21 Oct 2020 12:00:00 +0100",Petr Cech,"2,000+",Opinion: Reason for Petr Cech&#39;s squad inclusion much deeper than ...,http://www.talkchelsea.net/opinions/opinion-reason-for-petr-cechs-squad-inclusion-much-deeper-than-unprecedented-conditions/
"Wed, 21 Oct 2020 12:00:00 +0100",Livid,"2,000+",What time does Harlots season 3 start on BBC Two tonight?,https://www.thesun.co.uk/tv/12986082/power-book-2-tariq-coronavirus-break/
"Tue, 20 Oct 2020 15:00:00 +0100",DJ Switch,"200,000+","Who be DJ Switch, di Nigerian Disc Jockey wey feem Lekki toll gate ...",https://www.bbc.com/pidgin/tori-54626686
"Thu, 22 Oct 2020 15:00:00 +0100",Rapid Wien vs Arsenal,"20,000+","Rapid Vienna vs Arsenal live team news, goal and score updates in ...",https://www.football.london/arsenal-fc/news/rapid-vienna-vs-arsenal-live-19147592
"Thu, 22 Oct 2020 08:00:00 +0100",Pope Francis,"5,000+",Pope Francis Supports Same-Sex Civil Unions,https://www.hrw.org/news/2020/10/21/pope-francis-supports-same-sex-civil-unions
"Thu, 22 Oct 2020 10:00:00 +0100",Naomi Campbell,"2,000+",Naomi Campbell shared lessons learnt from J&#39;can grandma in ...,https://www.nycaribnews.com/articles/naomi-campbell-shared-lessons-learnt-from-jcan-grandma-in-lockdown/
"Thu, 22 Oct 2020 13:00:00 +0100",Europa League fixtures,"2,000+","Europa League 2020-21: Matchday 1 schedule, fixtures, how to ...",https://www.dazn.com/en-CA/news/soccer/europa-league-2020-21-matchday-1-schedule-fixtures-how-to-watch-in-canada/1btswiusbbckf1l7moejknnmme
"Thu, 22 Oct 2020 09:00:00 +0100",Marcus Thuram,"2,000+",Marcus Thuram Googles himself to pass stadium ID check,https://www.joe.co.uk/sport/marcus-thuram-googles-himself-253657
"Thu, 22 Oct 2020 17:00:00 +0100",Nigerian President Muhammadu Buhari,"2,000+","Buhari order security to end violence across Nigeria, plan to address ...",https://www.bbc.com/pidgin/tori-54648443
"Thu, 22 Oct 2020 14:00:00 +0100",Congo,"2,000+",#NoCongoNoPhone: Congo Has Powerless People Powering ...,https://weetracker.com/2020/10/22/no-congo-no-phone/
"Thu, 22 Oct 2020 08:00:00 +0100",LekkiMassacre,"2,000+",#LekkiMassacre: General Buhari Has Killed Again! By Dr. Issa Perry ...,http://saharareporters.com/2020/10/22/lekkimassacre-general-buhari-has-killed-again-dr-issa-perry-brimah
"Thu, 22 Oct 2020 09:00:00 +0100",Fatality,"2,000+",Rambo&#39;s intense Fatality revealed in Mortal Kombat 11 gameplay ...,https://www.cnet.com/news/rambos-intense-fatality-revealed-in-mortal-kombat-11-gameplay-trailer/
"Wed, 21 Oct 2020 17:00:00 +0100",Real Madrid vs Shakhtar Donetsk,"50,000+",Shakhtar ta je ta yaga barakar Real Madrid a Spaniya a Champions ...,https://www.bbc.com/hausa/wasanni-54621694
"Wed, 21 Oct 2020 19:00:00 +0100",Ajax vs Liverpool,"50,000+",Ajax 0-1 Liverpool commentary,https://www.skysports.com/football/ajax-vs-liverpool/live/438958
"Wed, 21 Oct 2020 20:00:00 +0100",Man City vs Porto,"20,000+",Man City vs FC Porto highlights and reaction,https://www.manchestereveningnews.co.uk/sport/football/football-news/man-city-vs-porto-highlights-19143067
"Wed, 21 Oct 2020 20:00:00 +0100",Bayern vs atlético Madrid,"20,000+",Simeone optimistic about Atletico Madrid&#39;s future despite Bayern ...,https://www.goal.com/en/news/simeone-optimistic-about-atletico-madrids-future-despite/63betj4by8001vuv8rfckkkv8
"Wed, 21 Oct 2020 10:00:00 +0100",TVC,"20,000+","Media stakeholders flay attacks on TVC, LTV, The Nation, others",https://guardian.ng/news/media-stakeholders-flay-attacks-on-tvc-ltv-the-nation-others/
"Wed, 21 Oct 2020 14:00:00 +0100",Twitter,"20,000+",Artists are irked by Twitter&#39;s change to retweets,https://www.theverge.com/2020/10/21/21527101/twitter-retweet-changes-artists-quote-retweet-qrt
"Wed, 21 Oct 2020 19:00:00 +0100",Tinubu news,"20,000+","#EndSARS: Tinubu says he has no investment in LCC, collects no ...",https://nairametrics.com/2020/10/22/endsars-tinubu-says-he-has-no-investment-in-lcc-collects-no-dime-from-lekki-tollgate/
"Wed, 21 Oct 2020 16:00:00 +0100",SaharaReporters,"10,000+",United States Issues Security Alert To Citizens In Nigeria | Sahara ...,http://saharareporters.com/2020/10/21/united-states-issues-security-alert-citizens-nigeria
"Wed, 21 Oct 2020 12:00:00 +0100",Latest news,"10,000+",Covid-19 Live Updates: Latest News,https://www.nytimes.com/live/2020/10/22/world/covid-19-coronavirus-updates
"Wed, 21 Oct 2020 13:00:00 +0100",Punch Newspaper Today,"5,000+","FEC: Buhari, ministers keep mum on Lekki killings",https://punchng.com/fec-buhari-ministers-keep-mum-on-lekki-killings/
"Fri, 23 Oct 2020 11:00:00 +0100",Man United vs Chelsea,"5,000+",Manchester United vs Chelsea: Frank Lampard says Old Trafford ...,https://www.skysports.com/football/news/11668/12112212/manchester-united-vs-chelsea-frank-lampard-says-old-trafford-clash-still-has-big-game-feeling
"Fri, 23 Oct 2020 12:00:00 +0100",Akwa Ibom news,"2,000+",#EndSARS: Akwa Ibom govt extends curfew,https://www.premiumtimesng.com/regional/south-south-regional/422643-endsars-akwa-ibom-govt-extends-curfew.html
"Fri, 23 Oct 2020 15:00:00 +0100",After We Collided,"2,000+",&#39;After We Collided&#39; Cast Reacts To “Toxic Relationship” Criticism,https://decider.com/2020/10/23/after-we-collided-toxic-relationship-josephine-langford/
"Fri, 23 Oct 2020 18:00:00 +0100",Lagos curfew Update,"2,000+",Sanwo-Olu eases curfew in Lagos,https://guardian.ng/news/sanwo-olu-eases-curfew-in-lagos/
"Fri, 23 Oct 2020 16:00:00 +0100",Oyigbo,"2,000+",Troops take over Oyigbo as fresh mob attacks hit Rivers,https://punchng.com/troops-take-over-oyigbo-as-fresh-mob-attacks-hit-rivers/
"Thu, 22 Oct 2020 15:00:00 +0100",Rapid Wien vs Arsenal,"50,000+",Rapid Vienna vs Arsenal highlights as Gunners win Europa League ...,https://www.football.london/arsenal-fc/news/rapid-vienna-vs-arsenal-live-19147592
"Thu, 22 Oct 2020 19:00:00 +0100",Tottenham vs LASK,"20,000+","Tottenham vs LASK Betting Tips: Latest odds, team news, preview ...",https://www.goal.com/en/news/tottenham-vs-lask-betting-tips-latest-odds-team-news-preview-and-/eel9lqodf8on1ucwjvgh455f2
"Thu, 22 Oct 2020 21:00:00 +0100",Arsenal,"20,000+",Ozil&#39;s agent slams Arteta and Arsenal over handling of outcast ...,https://www.goal.com/en/news/ozil-agent-slams-arteta-arsenal-honest-explanation/1tquqnqikf63110pg3ce8la4l8
"Thu, 22 Oct 2020 21:00:00 +0100",Celtic vs Milan,"10,000+",Celtic vs AC Milan LIVE!,https://www.skysports.com/football/celtic-vs-ac-milan/live/439050
"Thu, 22 Oct 2020 20:00:00 +0100",Georgia,"10,000+",Georgia&#39;s ex-president is seeking a political comeback. But he&#39;s ...,https://www.washingtonpost.com/world/europe/georgia-election-saakashvili-russia/2020/10/22/fc1d1156-0fa5-11eb-b404-8d1e675ec701_story.html
"Thu, 22 Oct 2020 19:00:00 +0100",Napoli vs AZ Alkmaar,"10,000+","Napoli vs. AZ Alkmaar - Football Match Report - October 22, 2020 ...",http://www.espn.com/soccer/report?gameId=585986
"Thu, 22 Oct 2020 21:00:00 +0100",Leicester City vs Zorya Luhansk,"5,000+",Player Ratings: Leicester City vs Zorya Luhansk,https://fosseposse.sbnation.com/2020/10/23/21529470/player-ratings-leicester-city-vs-zorya-luhansk
"Thu, 22 Oct 2020 08:00:00 +0100",Pope Francis,"5,000+","Pope Francis, the anti-Trump of our age",https://www.washingtonpost.com/world/2020/10/23/pope-francis-gay-rights-trump/
"Thu, 22 Oct 2020 21:00:00 +0100",Seychelles,"5,000+","Voting under way in Seychelles parliamentary, presidential polls",https://www.aljazeera.com/news/2020/10/23/voting-underway-in-seychelles-parliamentary-presidential-polls
"Thu, 22 Oct 2020 15:00:00 +0100",Palliative,"5,000+","BREAKING: Youths burst warehouse, loot COVID-19 palliative in Osun",https://thenationonlineng.net/breaking-youths-burst-warehouse-loot-covid-19-palliative-in-osun/
"Thu, 22 Oct 2020 23:00:00 +0100",Canada,"5,000+",U.S. economy lost $100B due to Trump immigration ban: Report,https://www.cicnews.com/2020/10/u-s-economy-lost-100b-due-to-trump-immigration-ban-report-1016129.html
"Thu, 22 Oct 2020 10:00:00 +0100",Naomi Campbell,"5,000+",Naomi Campbell Is Not Alone. And Why It Matters To All Of Us.,https://www.forbes.com/sites/alishahbaz/2020/10/22/naomi-campbell-is-not-alone-and-why-it-matters-to-all-of-us/
"Sat, 24 Oct 2020 12:00:00 +0100",West Ham vs Man City,"50,000+",West Ham 1-1 Man City highlights and commentary,https://www.skysports.com/football/west-ham-vs-man-city/live/428895
"Sat, 24 Oct 2020 00:00:00 +0100",Lagos curfew,"10,000+","Update: Lagos eases curfew, now between 6pm and 8am",https://nairametrics.com/2020/10/23/update-lagos-eases-curfew-now-between-6pm-and-8am/
"Sat, 24 Oct 2020 15:00:00 +0100",Bayern vs Eintracht Frankfurt,"10,000+",Bayern Munich 5-0 Eintracht Frankfurt: Initial reactions and ...,https://www.bavarianfootballworks.com/2020/10/24/21530660/bayern-munich-vs-eintracht-frankfurt-lineups-live-stream-how-to-watch-bundesliga-updates-highlights
"Sat, 24 Oct 2020 17:00:00 +0100",Palliative,"5,000+",Thugs Loot Plateau State COVID-19 Palliative Warehouse | Sahara ...,http://saharareporters.com/2020/10/24/thugs-loot-plateau-state-covid-19-palliative-warehouse
"Sat, 24 Oct 2020 17:00:00 +0100",Ajax,"5,000+",<b>Ajax</b> thrash VVV Venlo 13-0 to break Eredivisie record,https://www.espn.com/soccer/dutch-eredivisie/story/4216558/ajax-smash-eredivisie-record-with-13-0-win-vs-venlo
"Sat, 24 Oct 2020 16:00:00 +0100",Fulham vs Crystal Palace,"2,000+","Saturday Premier League Betting Odds, Picks &amp; Predictions: Fulham ...",https://www.actionnetwork.com/soccer/saturday-premier-league-betting-odds-picks-predictions-fulham-vs-crystal-palace-oct-24
"Sat, 24 Oct 2020 16:00:00 +0100",Atalanta vs Sampdoria,"2,000+",Atalanta vs Sampdoria live stream: How to watch Serie A online,https://www.squawka.com/en/atalanta-v-sampdoria-live-stream-watch-online-serie-a-predictions/
"Sat, 24 Oct 2020 18:00:00 +0100",Khabib vs Gaethje,"2,000+","UFC 254 Fight Card: PPV Schedule, Odds and Predictions for ...",https://bleacherreport.com/articles/2914782-ufc-254-fight-card-ppv-schedule-odds-and-predictions-for-khabib-vs-gaethje
"Fri, 23 Oct 2020 19:00:00 +0100",Barcelona vs Real Madrid,"100,000+",Barcelona vs Real Madrid on US TV: How to watch and live stream ...,https://www.goal.com/en/news/barcelona-vs-real-madrid-on-us-tv-how-to-watch-and-live/10gpvhointgfy1d58mt5bl90oo
"Fri, 23 Oct 2020 11:00:00 +0100",Man United vs Chelsea,"100,000+",How to Watch Manchester United vs. Chelsea,https://www.si.com/soccer/2020/10/24/manchester-united-chelsea-live-stream-watch-premier-league-online-tv-channel
"Fri, 23 Oct 2020 20:00:00 +0100",Aston Villa vs Leeds United,"20,000+",Bamford treble ends Villa&#39;s winning start,https://www.bbc.co.uk/sport/football/54564741
"Fri, 23 Oct 2020 15:00:00 +0100",After We Collided,"10,000+",The &lt;i&gt;After We Collided&lt;/i&gt; Soundtrack Raises The Sexy Stakes,https://www.refinery29.com/en-us/2020/10/10120413/after-we-collided-movie-soundtrack-songs
"Fri, 23 Oct 2020 16:00:00 +0100",Oyigbo,"5,000+",Troops Take Over Oyigbo As Mob Wreaks Havoc In Rivers ...,http://saharareporters.com/2020/10/23/troops-take-over-oyigbo-mob-wreaks-havoc-rivers-community
"Fri, 23 Oct 2020 12:00:00 +0100",Akwa Ibom news,"5,000+",#EndSARS: PDP ward leader killed in Akwa Ibom,https://www.premiumtimesng.com/regional/south-south-regional/422800-endsars-pdp-ward-leader-killed-in-akwa-ibom.html
"Fri, 23 Oct 2020 20:00:00 +0100",Lekki toll gate Lagos Nigeria,"5,000+",#EndSARS &amp; simple explainer of wetin dey happun for Nigeria ...,https://www.bbc.com/pidgin/media-54663776
"Fri, 23 Oct 2020 23:00:00 +0100",Major Lazer Music Is The Weapon,"2,000+",LISTEN: Major Lazer&#39;s Fourth Album &quot;Music Is The Weapon&quot; Has ...,https://runthetrap.com/2020/10/23/listen-major-lazers-fourth-album-music-is-the-weapon-has-arrived/
"Fri, 23 Oct 2020 07:00:00 +0100",Delta state curfew,"2,000+",Delta state goment declare 48 hours curfew afta hoodlums attack ...,https://www.bbc.com/pidgin/tori-54635032
"Thu, 22 Oct 2020 15:00:00 +0100",Rapid Wien vs Arsenal,"50,000+","Rapid Vienna vs Arsenal Betting Tips: Latest odds, team news ...",https://www.goal.com/en-gb/news/rapid-vienna-vs-arsenal-betting-tips-latest-odds-team-news/oaudt402tgkj1rechm4lmk3i8
"Sun, 25 Oct 2020 15:00:00 +0100",Southampton vs Everton,"20,000+",Southampton v Everton: Premier League – as it happened,https://www.theguardian.com/football/live/2020/oct/25/southampton-v-everton-premier-league-live
"Sun, 25 Oct 2020 06:00:00 +0100",Kaduna State news,"10,000+",Kaduna State extends curfew to cover whole state,https://guardian.ng/news/kaduna-state-extends-curfew-to-cover-whole-state/
"Sun, 25 Oct 2020 16:00:00 +0100",Benevento vs Napoli,"2,000+",Benevento v Napoli live stream: Watch La Liga fixture online ...,https://www.squawka.com/en/benevento-napoli-live-stream-watch-serie-a-predictions/
"Sun, 25 Oct 2020 16:00:00 +0100",Lewis Hamilton,"2,000+",Portuguese GP: Lewis Hamilton breaks F1&#39;s all-time wins record,https://www.skysports.com/f1/news/36668/12114231/portuguese-gp-lewis-hamilton-breaks-f1s-all-time-wins-record
"Sun, 25 Oct 2020 18:00:00 +0100",Wolves vs Newcastle,"2,000+",Wolves vs Newcastle LIVE!,https://www.skysports.com/football/wolves-vs-newcastle/live/428896
"Sun, 25 Oct 2020 15:00:00 +0100",US Election 2020,"2,000+","US election 2020: Latest news on Biden, Trump and voting",https://www.cnn.com/politics/live-news/us-election-news-10-25-2020/index.html
"Sat, 24 Oct 2020 12:00:00 +0100",Man United vs Chelsea,"200,000+",Man United ratings: Wan-Bissaka good but Daniel James poor vs ...,https://www.manchestereveningnews.co.uk/sport/football/man-united-vs-chelsea-ratings-19160898
"Sat, 24 Oct 2020 19:00:00 +0100",Liverpool vs Sheffield United,"50,000+",Liverpool vs. Sheffield United - Football Match Report - October 24 ...,https://www.espn.com/soccer/report?gameId=578608
"Sat, 24 Oct 2020 12:00:00 +0100",West Ham vs Man City,"50,000+",Man City paid the price for not trusting their usual approach vs West ...,https://www.manchestereveningnews.co.uk/sport/football/football-news/man-city-guardiola-aguero-westham-19159506
"Sat, 24 Oct 2020 17:00:00 +0100",Ajax,"20,000+",Ajax thrash VVV Venlo 13-0 to break Eredivisie record,https://www.espn.com/soccer/dutch-eredivisie/story/4216558/ajax-smash-eredivisie-record-with-13-0-win-vs-venlo
"Sat, 24 Oct 2020 18:00:00 +0100",Khabib vs Gaethje,"20,000+",Dr Disrespect Reportedly Bet $1 Million On Nurmagomedov vs ...,https://www.essentiallysports.com/dr-disrespect-reportedly-bet-1-million-on-khabib-vs-gaethje-fight-at-ufc-254-news-esports/
"Sat, 24 Oct 2020 20:00:00 +0100",PSG vs Dijon,"10,000+",PSG vs. Dijon FREE LIVE STREAM (10/24/20): Watch Ligue 1 ...,https://www.nj.com/sports/2020/10/psg-vs-dijon-free-live-stream-102420-watch-ligue-1-online-time-tv-channel.html
"Sat, 24 Oct 2020 15:00:00 +0100",Bayern vs Eintracht Frankfurt,"10,000+","Robert Lewandowski hat-trick, plus Leroy Sane and Jamal Musiala ...",https://www.bundesliga.com/en/bundesliga/news/bayern-munich-eintracht-frankfurt-live-line-ups-stats-lewandowski-sane-neuer-13321
"Sat, 24 Oct 2020 10:00:00 +0100",Lekki massacre,"10,000+","LEAD Network Condemns Lekki Massacre, Demand Justice For ...",http://saharareporters.com/2020/10/25/lead-network-condemns-lekki-massacre-demand-justice-victims
"Sat, 24 Oct 2020 19:00:00 +0100",Arsenal vs Leicester City,"10,000+","Arsenal vs Leicester City Betting Tips: Latest odds, team news ...",https://www.goal.com/en-gb/news/arsenal-vs-leicester-city-betting-tips-latest-odds-team-news/1iyvsv5s45wmg1l0dguc2kpy4z
"Sat, 24 Oct 2020 17:00:00 +0100",Palliative,"10,000+",FG COVID-19 Palliative: SEMA commences distribution in 3 LGAs in ...,https://www.vanguardngr.com/2020/10/fg-covid-19-palliative-sema-commences-distribution-in-3-lgas-in-sokoto/
"Sat, 24 Oct 2020 16:00:00 +0100",Fulham vs Crystal Palace,"5,000+",Fulham vs. Crystal Palace - Football Match Report - October 24 ...,http://www.espn.com/soccer/report?gameId=578602
"Sat, 24 Oct 2020 21:00:00 +0100",Atlético Madrid vs Real Betis,"5,000+",Atletico Madrid vs. Real Betis - Football Match Report - October 24 ...,http://www.espn.com/soccer/report?gameId=582138
"Sat, 24 Oct 2020 19:00:00 +0100",Dortmund vs Schalke,"5,000+",Dortmund vs Schalke live stream: How to watch Bundesliga online,https://www.squawka.com/en/borussia-dortmund-vs-schalke-live-stream-watch-online-bundesliga-predictions/
"Sat, 24 Oct 2020 19:00:00 +0100",Drake,"5,000+",Drake announces Certified Lover Boy album release date on 34th ...,https://metro.co.uk/2020/10/25/drake-announces-certified-lover-boy-album-release-month-13476642/
"Wed, 28 Oct 2020 02:00:00 +0100",Man United vs RB Leipzig,"5,000+",How to Watch Manchester United vs. RB Leipzig,https://www.si.com/soccer/2020/10/28/manchester-united-rb-leipzig-live-stream-watch-champions-league-online-tv-channel
"Wed, 28 Oct 2020 19:00:00 +0100",Istanbul başakşehir vs PSG,"2,000+",Istanbul Basaksehir vs. PSG on CBS All Access: Live stream UEFA ...,https://www.cbssports.com/soccer/news/istanbul-basaksehir-vs-psg-on-cbs-all-access-live-stream-uefa-champions-league-how-to-watch-on-tv-odds/
"Wed, 28 Oct 2020 10:00:00 +0100",Frank Onyeka,"2,000+",Champions League: Busy Tuesday night for Nigerian players Frank ...,https://www.pulse.ng/sports/football/champions-league-busy-tuesday-night-for-nigerian-players-frank-onyeka-and-zaidu/ssv843m
"Wed, 28 Oct 2020 00:00:00 +0100",Birkin bag,"2,000+",Offset Shared A Hefty Receipt For Cardi B&#39;s Birkin Bags,https://www.buzzfeed.com/joyannjeffrey/offset-on-cardi-b-birkin-bags
"Wed, 28 Oct 2020 12:00:00 +0100",Bartomeu,"2,000+","Bartomeu Bows Out at Barcelona, Leaving Behind a Crisis and a ...",https://www.si.com/soccer/2020/10/28/bartomeu-resigns-barcelona-crisis-super-league-messi-koeman
"Wed, 28 Oct 2020 19:00:00 +0100",OnlyFans,"2,000+",Paige VanZant&#39;s pushy fans want to buy X-rated OnlyFans content,https://nypost.com/2020/10/28/pushy-paige-vanzant-fans-want-to-buy-x-rated-onlyfans-content/
"Tue, 27 Oct 2020 20:00:00 +0100",Mönchengladbach vs Real Madrid,"50,000+","Borussia Monchengladbach vs Real Madrid: Latest odds, team ...",https://www.goal.com/en/news/borussia-monchengladbach-vs-real-madrid-latest-odds-team/rradsadrlkvh1fw7nb2khuhco
"Tue, 27 Oct 2020 16:00:00 +0100",Okonjo-Iweala,"50,000+",Nigeria&#39;s Ngozi Okonjo-Iweala close to being announced as new ...,https://nairametrics.com/2020/10/28/breaking-nigerias-ngozi-okonjo-iweala-proposed-as-new-dg-of-wto/
"Tue, 27 Oct 2020 20:00:00 +0100",Liverpool vs Midtjylland,"50,000+",Liverpool 2-0 Midtjylland commentary,https://www.skysports.com/football/liverpool-vs-midtjylland/live/438970
"Tue, 27 Oct 2020 19:00:00 +0100",Krasnodar vs Chelsea,"20,000+","Krasnodar vs Chelsea Betting Tips: Latest odds, team news, preview ...",https://www.goal.com/en/news/krasnodar-vs-chelsea-betting-tips-latest-odds-team-news/8k9bgh1di2o31uutimiuwknae
"Tue, 27 Oct 2020 21:00:00 +0100",Marseille vs Man City,"20,000+",Marseille 0-3 Man City commentary,https://www.skysports.com/football/marseille-vs-man-city/live/438972
"Tue, 27 Oct 2020 19:00:00 +0100",Lokomotiv Moscow vs Bayern,"20,000+",Lokomotiv Moscow vs Bayern Munich: 5 Talking Points as reigning ...,https://www.sportskeeda.com/football/lokomotiv-moscow-vs-bayern-munich-5-talking-points-reigning-champions-eke-narrow-win-uefa-champions-league-2020-21
"Tue, 27 Oct 2020 12:00:00 +0100",Falz,"10,000+",Falz Prays For &#39;Much Better Tomorrow&#39; As He Celebrates 30th Birthday,https://www.channelstv.com/2020/10/27/falz-prays-for-much-better-tomorrow-as-he-celebrates-30th-birthday/
"Tue, 27 Oct 2020 22:00:00 +0100",Atlético Madrid vs rb Salzburg,"10,000+",Atlético Madrid 3-2 RB Salzburg: One-Word Player Ratings,https://www.intothecalderon.com/2020/10/27/21537080/joao-felix-luis-suarez-atletico-madrid-rb-salzburg-one-word-player-ratings
"Tue, 27 Oct 2020 19:00:00 +0100",Shakhtar Donetsk vs Inter Milan,"10,000+",How to Watch Shakhtar Donetsk vs. Inter Milan,https://www.si.com/soccer/2020/10/27/shakhtar-donetsk-inter-milan-live-stream-watch-champions-league-online-tv-channel
"Tue, 27 Oct 2020 22:00:00 +0100",Atalanta vs Ajax,"10,000+",Atalanta vs. Ajax Amsterdam - Football Match Report - October 27 ...,http://www.espn.com/soccer/report?gameId=585831
"Tue, 27 Oct 2020 19:00:00 +0100",Juventus vs Barcelona,"10,000+",Video: Juventus vs Barcelona - Clash of Two Titans | Goal.com,https://www.goal.com/en/news/video-juventus-vs-barcelona-clash-of-two-titans/cumosjiz0sue1cgju0ookhgma
"Tue, 27 Oct 2020 22:00:00 +0100",Blood of Zeus,"5,000+",Blood of Zeus season 2: Everything you need to know,https://www.digitalspy.com/tv/ustv/a34504204/blood-of-zeus-season-2-release-date-netflix/
"Tue, 27 Oct 2020 21:00:00 +0100",Public holiday,"5,000+",Federal Government declares Thursday October 29 public holiday ...,https://nairametrics.com/2020/10/27/just-in-federal-government-declares-thursday-october-29-public-holiday-to-mark-eidl-mawlid/
"Tue, 27 Oct 2020 19:00:00 +0100",Lekki Toll Gate Lagos Nigeria,"5,000+",&#39;No cover up Lekki toll gate shooting&#39; - Nigerian goment chop ...,https://www.bbc.com/pidgin/world-54715893
"Fri, 30 Oct 2020 04:00:00 +0100",Burna Boy,"10,000+",Burna Boy Channels Fury and Sorrow on New Song About Slain ...,https://www.rollingstone.com/music/music-news/burna-boy-new-song-20-10-20-lekki-massacre-nigeria-protests-1083894/
"Fri, 30 Oct 2020 10:00:00 +0100",Halloween,"5,000+",Should Pinterest prohibit culturally inappropriate Halloween ideas?,https://www.theguardian.com/lifeandstyle/2020/oct/30/pinterest-culturally-inappropriate-halloween-costumes
"Fri, 30 Oct 2020 08:00:00 +0100",Roma,"2,000+",AS Roma vs. CSKA Sofia: Europa League Match Review,https://www.chiesaditotti.com/2020/10/29/21540829/roma-cska-sofia-match-review
"Thu, 29 Oct 2020 20:00:00 +0100",Fentanyl,"10,000+",INQUINTE.CA | Belleville&#39;s Bax helps to sniff out $322K in fentanyl ...,https://inquinte.ca/story/bellevilles-bax-sniffs-out-322k-in-fentanyl-cocaine-and-cash-in-kingston
"Thu, 29 Oct 2020 08:00:00 +0100",Eid-El-Maulud,"10,000+",Nigerians seek end to killings as Muslims mark Eid-el Maulud,https://guardian.ng/news/nigerians-seek-end-to-killings-as-muslims-mark-eid-el-maulud/
"Thu, 29 Oct 2020 20:00:00 +0100",Milan vs Sparta Prague,"5,000+",AC Milan vs. Sparta Prague - Football Match Report - October 29 ...,https://www.espn.com/soccer/report?gameId=585972
"Thu, 29 Oct 2020 18:00:00 +0100",Laycon,"5,000+","DOWNLOAD: DJ Neptune enlists Laycon, Joeboy for &#39;Nobody&#39; Icons ...",https://lifestyle.thecable.ng/download-dj-neptune-enlists-laycon-joeboy-for-nobody-icons-remix/
"Thu, 29 Oct 2020 01:00:00 +0100",Barca,"5,000+",&#39;That&#39;s Messi next to me!&#39; - Dest reflects on introduction to Barca ...,https://www.goal.com/en/news/thats-messi-next-to-me-dest-reflects-on-introduction-to/zxuahhrm5yq810uzao21jlaee
"Thu, 29 Oct 2020 22:00:00 +0100",Real Sociedad vs Napoli,"5,000+",Osimhen sees first career red in Napoli&#39;s defeat of Real Sociedad ...,https://www.goal.com/en/news/osimhen-sees-first-career-red-in-napolis-defeat-of-real/naixa64e5nte1i8nvh3tp8gky
"Thu, 29 Oct 2020 00:00:00 +0100",Lazio,"5,000+",Club Brugge boss Clement blames Lazio draw on Dennis and ...,https://www.goal.com/en-ng/news/club-brugge-boss-clement-blames-lazio-draw-on-dennis-and-diattas-/7ay92f6hzjaq1cvt08i7h8d2p
"Thu, 29 Oct 2020 11:00:00 +0100",Is today public holiday in Nigeria,"2,000+",UK High Commission reopens visa application centres in Nigeria,https://nairametrics.com/2020/10/28/uk-high-commission-reopen-visa-application-centres-in-nigeria/
"Wed, 28 Oct 2020 02:00:00 +0100",Man United vs RB Leipzig,"100,000+","In praise of United&#39;s marathon man, Fred",https://www.manutd.com/en/news/detail/opinion-on-fred-role-in-midfield-after-man-utd-5-rb-leipzig-0
"Wed, 28 Oct 2020 19:00:00 +0100",Juventus vs Barcelona,"100,000+",Hits and Misses from Juventus vs Barcelona encounter as Catalan ...,https://www.indiatvnews.com/sports/football/champions-league-hits-and-misses-juventus-vs-barcelona-catalan-giants-starts-post-barto-era-on-high-660896
"Wed, 28 Oct 2020 20:00:00 +0100",Chelsea,"20,000+",Burnley vs Chelsea - the stats - chance to maintain good Turf Moor ...,https://www.chelseafc.com/en/news/2020/10/30/burnley-vs-chelsea---the-stats
"Sat, 31 Oct 2020 14:00:00 +0100",Sean Connery,"10,000+",Sean Connery: James Bond actor dies aged 90,https://www.bbc.com/news/entertainment-arts-54761824
"Sat, 31 Oct 2020 08:00:00 +0100",Burnley vs Chelsea,"5,000+",USA World Cup star Megan Rapinoe gets engaged to long-term ...,https://www.thesun.co.uk/sport/football/13042942/burnley-chelsea-live-stream-tv-channel-kick-off-time-teams-premier-league/
"Fri, 30 Oct 2020 04:00:00 +0100",Burna Boy,"20,000+",Another powerful new single from Burna Boy - Voice Online,https://www.voice-online.co.uk/entertainment/music/2020/10/30/another-powerful-new-single-from-burna-boy/
"Fri, 30 Oct 2020 21:00:00 +0100",Wolves vs Crystal Palace,"20,000+","Wolves vs Crystal Palace Betting Tips: Latest odds, team news ...",https://www.goal.com/en-gb/news/wolves-crystal-palace-betting-tips-latest-odds-team-news-preview-/1t0j0asstw52l1if7gpjx0ebzm
"Fri, 30 Oct 2020 19:00:00 +0100",Jaden Smith,"10,000+",New Balance Gets Sued Over Jaden Smith Collab,https://www.complex.com/sneakers/2020/10/new-balance-sued-over-jaden-smith-vision-racer-collab
"Fri, 30 Oct 2020 11:00:00 +0100",Wizkid  'No Stress,"5,000+",New Video: Wizkid - No Stress,https://www.bellanaija.com/2020/10/wizkid-no-stress-video/
"Fri, 30 Oct 2020 21:00:00 +0100",Hologram,"5,000+",People are criticizing Kanye West for giving Kim Kardashian a ...,https://www.insider.com/kim-kardashian-birthday-hologram-kanye-west-backlash-2020-10
"Fri, 30 Oct 2020 08:00:00 +0100",Roma,"5,000+","Roma vs Fiorentina prediction, preview, team news and more | Serie ...",https://www.sportskeeda.com/football/roma-vs-fiorentina-prediction-preview-team-news-serie-a-2020-21
"Mon, 02 Nov 2020 00:00:00 +0100",US Election date,"2,000+","Biden, Trump campaigns enter final sprint: US elections news",https://www.aljazeera.com/news/2020/11/1/biden-trump-campaigns-enter-final-sprint-us-election-live-news
"Sun, 01 Nov 2020 17:00:00 +0100",Juventus,"10,000+",Cristiano Ronaldo Scores Brilliant Brace On His Juventus Return,https://www.sportbible.com/football/news-cristiano-ronaldo-scores-three-minutes-after-being-subbed-on-for-juve-20201101
"Sun, 01 Nov 2020 04:00:00 +0100",Canada immigration,"5,000+",Canada to receive over 1.2 million immigrants in next 3 years,https://nairametrics.com/2020/10/31/canada-to-receive-over-1-2-million-immigrants-in-next-3-years/
"Sun, 01 Nov 2020 14:00:00 +0100",AC Milan,"2,000+",Zlatan Ibrahimovic scores brilliant winner in Udinese 1-2 AC Milan,https://www.givemesport.com/1612716-zlatan-ibrahimovic-scores-brilliant-winner-in-udinese-12-ac-milan
"Sun, 01 Nov 2020 04:00:00 +0100",Halloween Day,"2,000+",Aubrey O&#39;Day goes all out for Halloween and shows some skin as ...,https://www.dailymail.co.uk/tvshowbiz/article-8901395/Aubrey-ODay-goes-Halloween-shows-skin-replicates-Cardi-Bs-WAP-outfit.html
"Sat, 31 Oct 2020 13:00:00 +0100",Man United vs Arsenal,"200,000+","Manchester United v Arsenal Match Report, 01/11/20, Premier ...",https://www.goal.com/en-in/match/manchester-united-v-arsenal/report/8b1215w5hssubkoyv0k049udw
"Sat, 31 Oct 2020 08:00:00 +0100",Burnley vs Chelsea,"100,000+",Confirmed Teams: Burnley vs Chelsea | Premier League,https://www.si.com/soccer/chelsea/match-coverage/confirmed-teams-burnley-vs-chelsea-premier-league-311020
"Sat, 31 Oct 2020 17:00:00 +0100",Liverpool vs West Ham,"100,000+",Nat Phillips&#39; individual highlights during Liverpool vs West Ham ...,https://www.givemesport.com/1612707-nat-phillips-individual-highlights-during-liverpool-vs-west-ham-have-emerged
"Sat, 31 Oct 2020 21:00:00 +0100",Alavés vs Barcelona,"100,000+",Lionel Messi Kicks Ball Towards Referee In Rage During Alaves Vs ...,https://www.sportbible.com/football/football-news-reactions-legends-foul-play-lionel-messi-kicks-ball-towards-referee-in-rage-during-alaves-vs-barca-20201101
"Sat, 31 Oct 2020 14:00:00 +0100",Sean Connery,"50,000+","Sean Connery, Who Embodied James Bond and More, Dies at 90",https://www.nytimes.com/2020/10/31/movies/sean-connery-dead.html
"Sat, 31 Oct 2020 14:00:00 +0100",Real Madrid vs Huesca,"50,000+","Real Madrid vs Huesca Betting Tips: Latest odds, team news ...",https://www.goal.com/en/news/real-madrid-vs-huesca-betting-tips-latest-odds-team-news-preview-/25flqu1i7lic1ohc0uipfz1ex
"Mon, 02 Nov 2020 11:00:00 +0100",WAEC result 2020,"200,000+","WAEC to release 2020 SSCE results on Monday, November 2",https://nairametrics.com/2020/11/01/just-in-waec-to-release-2020-ssce-results-on-monday-november-2/
"Mon, 02 Nov 2020 00:00:00 +0100",US Election date,"20,000+",US Election 2020: What time will we know the results in the UK and ...,https://www.manchestereveningnews.co.uk/news/world-news/election-2020-what-time-know-19155510
"Mon, 02 Nov 2020 14:00:00 +0100",Tiwa Savage,"5,000+",Attempting suicide twice and other things Tiwa Savage said in her ...,https://www.pulse.ng/entertainment/celebrities/attempting-suicide-twice-and-other-things-tiwa-savage-said-in-her-new-interview-with/0gw0kcf
"Mon, 02 Nov 2020 11:00:00 +0100",Rahama Sadau,"5,000+",Nollywood actress Rahama Sadau spark &#39;controversy&#39; with dress ...,https://www.bbc.com/pidgin/tori-54776034
"Mon, 02 Nov 2020 07:00:00 +0100",Reno Omokri,"2,000+",Shehu Sani reacts to Reno Omokri&#39;s one-on-one fight with Buratai,https://www.pmnewsnigeria.com/2020/11/02/shehu-sani-reacts-to-reno-omokris-one-on-one-fight-with-buratai/
"Sun, 01 Nov 2020 12:00:00 +0100",Man United vs Arsenal,"200,000+",How Arsenal and Thomas Partey beat the Manchester United ...,https://www.manchestereveningnews.co.uk/sport/football/football-news/man-united-vs-arsenal-partey-19204186
"Sun, 01 Nov 2020 16:00:00 +0100",Dementia,"10,000+","Sean Connery had dementia, his wife reveals",https://www.theguardian.com/film/2020/nov/02/sean-connery-had-dementia-his-wife-reveals
"Sun, 01 Nov 2020 14:00:00 +0100",AC Milan,"5,000+",Rossoneri Round Up for Nov 2: AC Milan Beat Udinese 2-1 Away ...,https://acmilan.theoffside.com/2020/11/2/21544890/rossoneri-round-up-for-nov-2-ac-milan-beat-udinese-2-1-away-from-home-ibrahimovic-scores-winner-news
"Sun, 01 Nov 2020 04:00:00 +0100",Canada immigration,"5,000+","Canada&#39;s immigration targets belie COVID-related shortfall, critics say",https://www.nationalobserver.com/2020/11/02/news/canada-immigration-targets-covid-19-shortfall-critics
"Sun, 01 Nov 2020 04:00:00 +0100",Halloween Day,"2,000+",Thousands celebrate Halloween in Tokyo because COVID-19 ...,https://sea.mashable.com/culture/13032/thousands-celebrate-halloween-in-tokyo-because-covid-19-apparently-took-the-day-off
"Tue, 03 Nov 2020 05:00:00 +0100",Benfica,"5,000+",Benfica boss Jesus refuses to discuss Darwin Nunez to Barcelona ...,https://www.goal.com/en/news/benfica-boss-jesus-refuses-to-discuss-darwin-nunez-to/elsyoum5q5a61atydcazti464
"Tue, 03 Nov 2020 14:00:00 +0100",Chelsea vs Rennes,"2,000+",How Chelsea could line up against Rennes,https://www.sportsmole.co.uk/football/chelsea/champions-league/predicted-lineups/how-chelsea-could-line-up-against-rennes_420733.html
"Tue, 03 Nov 2020 15:00:00 +0100",SWAT,"2,000+","Nigerians React As New Police Tactical Unit, SWAT Begins Training ...",https://thestreetjournal.org/2020/11/nigerians-react-as-new-police-tactical-unit-swat-begins-training-in-nasarawa-videos/
"Tue, 03 Nov 2020 16:00:00 +0100",Real Madrid vs Inter Milan,"2,000+","Real Madrid vs Inter Milan, 2020 Champions League: Predicted ...",https://www.managingmadrid.com/2020/11/3/21547284/real-madrid-inter-milan-2020-champions-league-lineups
"Tue, 03 Nov 2020 00:00:00 +0100",Villarreal  Valladolid,"2,000+",Villarreal&#39;s Chukwueze ends 12-month La Liga goal drought against ...,https://www.goal.com/en/news/villarreals-chukwueze-ends-12-month-laliga-goal-drought/1nugc2cqqpwp412de456kskzxz
"Mon, 02 Nov 2020 11:00:00 +0100",WAEC result 2020,"500,000+","How to check the 2020 WASSCE results, certificates to be released ...",https://nairametrics.com/2020/11/02/how-to-check-the-2020-wassce-results-certificates-to-be-released-within-90-days/
"Mon, 02 Nov 2020 10:00:00 +0100",US Election Update,"100,000+",US election 2020 live results: Donald Trump takes on Joe Biden in ...,https://www.theguardian.com/us-news/ng-interactive/2020/nov/03/us-election-2020-live-results-donald-trump-joe-biden-who-won-presidential-republican-democrat
"Mon, 02 Nov 2020 21:00:00 +0100",Leeds United vs Leicester City,"20,000+",Leeds United vs Leicester City Player Ratings: MOTM Vardy gets 9;...,http://www.thehardtackle.com/round-up/2020/11/03/leeds-united-vs-leicester-city-player-ratings-motm-vardy-gets-9-310-for-disappointing-klich/
"Mon, 02 Nov 2020 14:00:00 +0100",Tiwa Savage,"20,000+",Tiwa Savage goes semi-nude in new Instagram photos,https://www.pulse.ng/entertainment/celebrities/tiwa-savage-goes-semi-nude-in-new-instagram-photos/b8dnn4c
"Mon, 02 Nov 2020 00:00:00 +0100",US election date,"10,000+",US election 2020: Siberian bear and tiger predict the next president,https://www.wionews.com/world/us-election-2020-siberian-bear-and-tiger-predict-the-next-president-339999
"Mon, 02 Nov 2020 11:00:00 +0100",Rahama Sadau,"10,000+",Kannywood: Rahama Sadau apologises to fans over controversial ...,https://www.premiumtimesng.com/news/more-news/424402-kannywood-rahama-sadau-apologises-to-fans-over-controversial-picture.html
"Mon, 02 Nov 2020 20:00:00 +0100",Fulham vs West Brom,"10,000+","Aina, Adarabioyo, and Lookman start for Fulham vs West Brom ...",https://www.goal.com/en/news/aina-adarabioyo-and-lookman-start-for-fulham-vs-west-brom/wc1qqgrq3lp01mvwghlt44svx
"Mon, 02 Nov 2020 20:00:00 +0100",All Souls Day,"2,000+",WATCH: El Paso Catholic Bishop Mark Seitz holds All Souls Day ...,https://kvia.com/news/el-paso/2020/11/02/watch-live-bishop-seitz-holds-all-saints-day-mass/
"Sun, 01 Nov 2020 12:00:00 +0100",Man United vs Arsenal,"200,000+",Video: Manchester United v Arsenal - Gunners break top 6 drought ...,https://www.goal.com/en/news/video-manchester-united-v-arsenal-gunners-break-top-6/jq14eiblkux817zxk7fwujv9b
"Sun, 01 Nov 2020 15:00:00 +0100",Spezia vs Juventus,"50,000+",Line-ups: Spezia v Juventus | Football Italia,https://www.football-italia.net/161400/line-ups-spezia-v-juventus
"Wed, 04 Nov 2020 04:00:00 +0100",Jo Jorgensen,"10,000+",Third-Party Election Odds Could Net Bettors A Big Payout,https://www.legalsportsbetting.com/news/third-party-election-odds-could-net-bettors-a-big-payout/
"Wed, 04 Nov 2020 03:00:00 +0100",Kanye West,"5,000+",Kanye West Admits Defeat And Plans To Contest Again 2024,https://guardian.ng/life/kanye-west-admits-defeat-and-plans-to-contest-again-2024/
"Wed, 04 Nov 2020 10:00:00 +0100",How Many states are in usa,"2,000+",US election: The key results we&#39;re still waiting for that will decide ...,https://www.itv.com/news/2020-11-04/why-these-key-states-will-decide-the-next-us-president
"Wed, 04 Nov 2020 11:00:00 +0100",CNN election,"2,000+",Premarket stocks: Wall Street got the election night it feared the most ...,https://www.cnn.com/2020/11/04/investing/premarket-stocks-trading/index.html
"Wed, 04 Nov 2020 09:00:00 +0100",CNN live stream,"2,000+",How to watch election coverage online and on TV - CNNPolitics,https://www.cnn.com/2020/11/03/politics/how-to-watch-election-coverage-live/index.html
"Wed, 04 Nov 2020 10:00:00 +0100",Barack Obama,"2,000+",Today in History: Barack Obama was elected the first Black ...,https://santamariatimes.com/lifestyles/today-in-history-barack-obama-was-elected-the-first-black-president-of-the-united-states/article_7b618b59-b743-581d-89c7-50a717ba9c52.html
"Wed, 04 Nov 2020 06:00:00 +0100",Istanbul başakşehir vs Man United,"2,000+",Istanbul Basaksehir vs Manchester United Betting Tips: Latest odds ...,https://www.goal.com/en/news/istanbul-basaksehir-vs-manchester-united-betting-tips-latest/1xtgx5u86aumj1c32elpfdx07b
"Wed, 04 Nov 2020 12:00:00 +0100",Joe Biden net worth,"2,000+",Joe Biden&#39;s net worth and how he went from &#39;poorest man in ...,https://www.dailystar.co.uk/news/world-news/joe-bidens-net-worth-how-22954843
"Wed, 04 Nov 2020 13:00:00 +0100",Yahoo news,"2,000+",Yahoo Mail users are losing free email forwarding,https://betanews.com/2020/11/04/yahoo-mail-users-are-losing-free-email-forwarding/
"Wed, 04 Nov 2020 12:00:00 +0100",Colorado,"2,000+","Lauren Boebert, Hard-Right Gun Activist, Wins in Colorado House ...",https://www.nytimes.com/2020/11/04/us/politics/colorado-election-Lauren-Boebert.html
"Tue, 03 Nov 2020 19:00:00 +0100",Atalanta vs Liverpool,"50,000+","Atalanta vs Liverpool Betting Tips: Latest odds, team news, preview ...",https://www.goal.com/en/news/atalanta-vs-liverpool-betting-tips-latest-odds-team-news-preview-/186jbk4agmifd1hem5vh0jd1pk
"Tue, 03 Nov 2020 16:00:00 +0100",Real Madrid vs Inter Milan,"50,000+",Rodrygo gives Real first European win,https://www.bbc.co.uk/sport/football/54784152
"Tue, 03 Nov 2020 13:00:00 +0100",CNN,"20,000+",CNN&#39;s John King and the &#39;Magic Wall&#39; surface a lot of feelings in ...,https://www.poynter.org/reporting-editing/2020/cnns-john-king-and-the-magic-wall-surface-a-lot-of-feelings/
"Tue, 03 Nov 2020 21:00:00 +0100",Man City vs Olympiacos,"20,000+",Man City vs Olympiacos Champions League match in pictures,https://www.manchestereveningnews.co.uk/sport/football/gallery/man-city-vs-olympiacos-champions-19216442
"Tue, 03 Nov 2020 11:00:00 +0100",NECO time-table 2020,"20,000+",NECO releases new timetable as 2020 SSCE resumes on Monday,https://dailypost.ng/2020/11/04/neco-releases-new-timetable-as-2020-ssce-resumes-on-monday/
"Tue, 03 Nov 2020 23:00:00 +0100",BBC News,"20,000+",Ana kai ruwa rana tsakanin Trump da Biden - BBC News Hausa,https://www.bbc.com/hausa/labarai-54806124
"Tue, 03 Nov 2020 19:00:00 +0100",Lokomotiv Moscow vs Atlético Madrid,"20,000+",Lokomotiv Moscow vs. Atletico Madrid - Football Match Report ...,https://www.espn.com/soccer/report?gameId=585821
"Tue, 03 Nov 2020 21:00:00 +0100",RB Salzburg vs Bayern,"10,000+",RB Salzburg 2-6 Bayern Munich: Initial reactions and observations,https://www.bavarianfootballworks.com/2020/11/3/21546481/rb-salzburg-vs-bayern-munich-lineups-live-stream-how-to-watch-champions-league-updates-highlights
"Tue, 03 Nov 2020 14:00:00 +0100",Fox News,"10,000+",Trump campaign was livid when Fox News called Arizona for Biden ...,https://www.washingtonpost.com/lifestyle/style/fox-news-election-night-arizona/2020/11/04/194f9968-1e71-11eb-90dd-abd0f7086a91_story.html
"Tue, 03 Nov 2020 14:00:00 +0100",Chelsea vs Rennes,"10,000+","Chelsea vs Rennes Betting Tips: Latest odds, team news, preview ...",https://www.goal.com/en/news/chelsea-vs-rennes-betting-tips-latest-odds-team-news-preview-and-/2hcxvrjc4zlq1ekfymdym61kg
"Thu, 05 Nov 2020 14:00:00 +0100",Chelsea vs Rennes,"50,000+","Chelsea player ratings vs. Rennes: A dull, but solid, showing",https://theprideoflondon.com/2020/11/05/chelsea-player-ratings-rennes-dull-solid-showing/
"Thu, 05 Nov 2020 17:00:00 +0100",Arsenal vs Molde,"2,000+","Arsenal vs Molde Betting Tips: Latest odds, team news, preview and ...",https://www.goal.com/en-gb/news/arsenal-vs-molde-betting-tips-latest-odds-team-news-preview/1q0poq7dsn1w51nqgjkil9agyh
"Thu, 05 Nov 2020 18:00:00 +0100",Ludogorets vs Tottenham,"2,000+",Ludogorets v Tottenham LIVE commentary and team news ...,https://talksport.com/football/784598/ludogorets-v-tottenham-live-stream-talksport-commentary-team-news-europa-league/
"Wed, 04 Nov 2020 21:00:00 +0100",Barcelona vs Dynamo Kyiv,"50,000+",Barcelona struggle past Dynamo Kyiv,https://www.bbc.co.uk/sport/football/54799461
"Wed, 04 Nov 2020 21:00:00 +0100",Ferencváros vs Juventus,"20,000+",Ferencvaros vs. Juventus - Football Match Report - November 4 ...,https://www.espn.com/soccer/report?gameId=585811
"Wed, 04 Nov 2020 21:00:00 +0100",RB Leipzig vs PSG,"10,000+","RB Leipzig vs PSG Betting Tips: Latest odds, team news, preview ...",https://www.goal.com/en/news/rb-leipzig-vs-psg-betting-tips-latest-odds-team-news-preview-and-/1vcv19rk41e3d19l4tlo70knsz
"Wed, 04 Nov 2020 04:00:00 +0100",Jo Jorgensen,"10,000+","Clemson&#39;s Jo Jorgensen, the Libertarian Presidential candidate ...",https://www.greenvilleonline.com/story/news/politics/elections/2020/11/05/clemson-university-libertarian-presidential-candidate-jo-jorgensen-2020-wake-up-call/6158583002/
"Wed, 04 Nov 2020 07:00:00 +0100",Fox News live,"10,000+",2020 Presidential election results live stream: Day 3 updates,https://www.tomsguide.com/news/how-to-watch-us-presidential-election-where-to-live-stream-election-day-2020-results-online
"Wed, 04 Nov 2020 17:00:00 +0100",Oye Owolewa,"10,000+","Update: Nigerian-born Democrat, Oye elected as Shadow US Rep ...",https://nairametrics.com/2020/11/04/breaking-nigerian-born-democrat-oye-to-be-elected-a-shadow-us-rep/
"Wed, 04 Nov 2020 07:00:00 +0100",2020 united states presidential elections in Texas,"10,000+","Regardless of the US presidential election outcome, Trumpism lives ...",https://www.theguardian.com/us-news/2020/nov/04/trumpism-us-presidential-election
"Wed, 04 Nov 2020 03:00:00 +0100",Kanye West,"10,000+","Kanye West appeared to concede defeat in U.S. election, hints at ...",https://www.ctvnews.ca/world/america-votes/kanye-west-appeared-to-concede-defeat-in-u-s-election-hints-at-another-2024-run-1.5174298
"Wed, 04 Nov 2020 18:00:00 +0100",Melania Trump,"5,000+",Netizens ridicule Melania Trump after removal truck spotted outside ...,https://www.wionews.com/world/netizens-ridicule-melania-trump-after-removal-truck-spotted-outside-white-house-340793
"Wed, 04 Nov 2020 05:00:00 +0100",Electoral college meaning,"5,000+","Losing The Popular Vote, Winning The Electors And Other Electoral ...",https://www.wbur.org/news/2020/11/04/electoral-college-deadline-popular-vote-presidency
"Wed, 04 Nov 2020 13:00:00 +0100",Yahoo news,"5,000+",Yahoo Mail to drop automatic forwarding option for free users,https://www.notebookcheck.net/Yahoo-Mail-to-drop-automatic-forwarding-option-for-free-users.502263.0.html
"Wed, 04 Nov 2020 07:00:00 +0100",World News,"5,000+",World Health Assembly charts course for COVID-19 response and ...,https://www.who.int/news/item/05-11-2020-world-health-assembly-charts-course-for-covid-19-response-and-global-health-priorities
"Wed, 04 Nov 2020 21:00:00 +0100",US presidential elections,"5,000+",When will we know the US election result?,https://www.theguardian.com/us-news/2020/nov/04/when-will-we-know-the-us-election-result
"Fri, 06 Nov 2020 08:00:00 +0100",NYSC,"10,000+",NYSC to Mobilise 6000 Prospective Corps Members,https://www.thisdaylive.com/index.php/2020/11/06/nysc-to-mobilise-6000-prospective-corps-members/
"Fri, 06 Nov 2020 08:00:00 +0100",Black Friday 2020,"10,000+",Walmart Black Friday 2020: The Best Deals You Can Shop Right Now,https://www.forbes.com/sites/forbes-personal-shopper/2020/11/06/walmart-black-friday-2020-best-deals/
"Fri, 06 Nov 2020 05:00:00 +0100",Benfica vs Rangers,"2,000+",Benfica 3-3 Rangers: Alfredo Morelos scores club-record 22nd ...,https://www.skysports.com/football/benfica-vs-rangers/report/439096
"Fri, 06 Nov 2020 15:00:00 +0100",Stacey Abrams,"2,000+",Stacey Abrams draws credit and praise as Biden inches ahead in ...,https://www.nytimes.com/2020/11/06/us/elections/stacey-abrams-draws-credit-and-praise-as-biden-inches-ahead-in-georgia.html
"Fri, 06 Nov 2020 18:00:00 +0100",Brighton vs Burnley,"2,000+","Brighton vs Burnley preview, team news, kick-off",https://www.skysports.com/football/brighton-vs-burnley/preview/428908
"Thu, 05 Nov 2020 22:00:00 +0100",Milan vs Lille,"10,000+","AC Milan vs. Lille - Football Match Report - November 5, 2020 - ESPN",https://www.espn.com/soccer/report?gameId=585935
"Thu, 05 Nov 2020 22:00:00 +0100",Villarreal,"5,000+",Villarreal vs Maccabi Tel Aviv: Europa League Gamethread,https://www.villarrealusa.com/2020/11/5/21551362/villarreal-maccabi-tel-aviv-europa-league-gamethread-live-update-news-latest-parejo-emery
"Thu, 05 Nov 2020 21:00:00 +0100",Paula White,"5,000+","Paula White, Trump&#39;s spiritual adviser, went viral for her election ...",https://www.nj.com/entertainment/2020/11/paula-white-trumps-spiritual-adviser-went-viral-for-election-prayer-hear-the-remixes.html
"Thu, 05 Nov 2020 21:00:00 +0100",Napoli,"5,000+",No Osimhen as Koulibaly starts for Napoli against Rijeka | Goal.com,https://www.goal.com/en/news/no-osimhen-as-koulibaly-starts-for-napoli-against-rijeka/e221lxiajv4f1n3i7upt9an0w
"Thu, 05 Nov 2020 09:00:00 +0100",Nevada,"2,000+",Nevada becomes first state to constitutionally protect same-sex ...,https://www.usatoday.com/story/news/nation/2020/11/05/nevada-first-state-constitutionally-protect-same-sex-marriage/6183655002/
"Wed, 04 Nov 2020 07:00:00 +0100",US election update,"200,000+",US election 2020 as it happened: Joe Biden takes lead in Georgia in ...,https://www.theage.com.au/world/north-america/us-election-live-updates-joe-biden-maintains-lead-over-donald-trump-with-georgia-nevada-pennsylvania-and-south-carolina-still-too-close-to-call-20201105-p56bx0.html
"Wed, 04 Nov 2020 05:00:00 +0100",US Election Results,"100,000+",US election results: Tables turned as Trump voters start to worry,https://www.bbc.co.uk/news/election-us-2020-54817981
"Sat, 07 Nov 2020 08:00:00 +0100",Everton vs Man United,"100,000+","Everton vs Manchester United ZEbet Tips: Latest odds, team news ...",https://www.goal.com/en-ng/news/everton-vs-manchester-united-zebet-tips-latest-odds-team/1ldu64qnqet0c1uka6dvrg3jsy
"Sat, 07 Nov 2020 16:00:00 +0100",Barcelona vs Real Betis,"10,000+",Barcelona 5-2 Real Betis - Lionel Messi comes off the bench to hit ...,https://www.dailymail.co.uk/sport/football/article-8923937/Barcelona-vs-Real-Betis-Premier-League-live-score-lineups-updates.html
"Sat, 07 Nov 2020 08:00:00 +0100",Chelsea vs Sheffield United,"5,000+",Chelsea vs Sheffield United: How to Watch/Live Stream | Premier ...,https://www.si.com/soccer/chelsea/match-coverage/chelsea-vs-sheffield-united-how-to-watch-live-stream-premier-league-071120
"Fri, 06 Nov 2020 19:00:00 +0100",King Von,"50,000+",Rapper King Von shot and killed outside Atlanta nightclub - CNN,https://www.cnn.com/2020/11/06/us/atlanta-king-von-killed-in-shootout/index.html
"Fri, 06 Nov 2020 08:00:00 +0100",NYSC,"20,000+",COVID-19: NYSC prepares for resumption of orientation camps,https://www.premiumtimesng.com/news/top-news/424808-covid-19-nysc-prepares-for-resumption-of-orientation-camps.html
"Fri, 06 Nov 2020 08:00:00 +0100",Black Friday 2020,"10,000+",Best Black Friday deals 2020 | All the sales that started early and top ...,https://www.radiotimes.com/news/2020-11-07/black-friday-2020/
"Fri, 06 Nov 2020 21:00:00 +0100",Southampton vs Newcastle,"10,000+","Southampton vs Newcastle United Betting Tips: Latest odds, team ...",https://www.goal.com/en/news/southampton-vs-newcastle-united-betting-tips-latest-odds/10a80bop8wvfg100h68vdn15yq
"Fri, 06 Nov 2020 18:00:00 +0100",Brighton vs Burnley,"10,000+",Brighton 0-0 Burnley highlights,https://www.skysports.com/football/brighton-vs-burnley/live/428908
"Fri, 06 Nov 2020 23:00:00 +0100",Johnny Depp,"10,000+",Johnny Depp Exits &#39;Fantastic Beasts&#39; Days After Losing Libel Case,https://www.npr.org/2020/11/06/932103685/johnny-depp-exits-fantastic-beasts-days-after-losing-libel-case
"Fri, 06 Nov 2020 19:00:00 +0100",Citation,"5,000+",WATCH: Kunle Afolayan&#39;s &#39;Citation&#39; now on Netflix - TheCable Lifestyle,https://lifestyle.thecable.ng/watch-kunle-afolayans-citation-now-on-netflix/
"Fri, 06 Nov 2020 15:00:00 +0100",Stacey Abrams,"5,000+","Stacey Abrams Draws Recognition, Praise As Biden Leads in Georgia",https://www.nytimes.com/2020/11/06/us/politics/stacey-abrams-georgia.html
"Fri, 06 Nov 2020 21:00:00 +0100",Ali Kwara,"5,000+",PMB Mourns Legendary Hunter Ali Kwara,https://leadership.ng/pmb-mourns-legendary-hunter-ali-kwara/
"Fri, 06 Nov 2020 05:00:00 +0100",Benfica vs Rangers,"2,000+","Benfica vs Rangers preview, team news, kick-off",https://www.skysports.com/football/benfica-vs-rangers/preview/439096
"Fri, 06 Nov 2020 23:00:00 +0100",Sassuolo  Udinese,"2,000+",Line-ups: Sassuolo-Udinese | Football Italia,https://www.football-italia.net/161664/line-ups-sassuolo-udinese
"Sun, 08 Nov 2020 12:00:00 +0100",Lazio vs Juventus,"20,000+","Man City vs Liverpool LIVE: Stream, TV channel, score - De Bruyne ...",https://www.thesun.co.uk/sport/football/13127488/lazio-juventus-live-stream-free-tv-watch-serie-a-online/
"Sun, 08 Nov 2020 12:00:00 +0100",West Brom vs Tottenham,"20,000+",West Brom 0-1 Tottenham Hotspur: Premier League – as it happened,https://www.theguardian.com/football/live/2020/nov/08/west-brom-v-tottenham-hotspur-premier-league-live
"Sun, 08 Nov 2020 15:00:00 +0100",Leicester City vs Wolves,"10,000+","Leicester City vs Wolves Betting Tips: Latest odds, team news ...",https://www.goal.com/en-gb/news/leicester-city-vs-wolves-betting-tips-latest-odds-team-news/4puaeupezvpr1oj2fzgtlz0rr
"Sun, 08 Nov 2020 05:00:00 +0100",Jill Biden,"10,000+",Jill Biden will be first FLOTUS with a full-time job - Business Insider,https://www.businessinsider.com/jill-biden-will-be-first-flotus-with-a-full-time-job-2020-11
"Sun, 08 Nov 2020 12:00:00 +0100",Davido ft Nicki Minaj Holy Ground,"10,000+",Davido&#39;s &#39;Holy Ground&#39; featuring Nicki Minaj leaks on social media,https://www.pulse.ng/entertainment/music/davidos-holy-ground-featuring-nicki-minaj-leaks-on-social-media/rlw05c9
"Sun, 08 Nov 2020 13:00:00 +0100",Ginimbi,"5,000+",Malawi: Cashgate Fugutive Limumba Dies With Zimbabwe Socialite ...,https://allafrica.com/stories/202011080112.html
"Sun, 08 Nov 2020 00:00:00 +0100",How old is Joe Biden,"5,000+",US Election results: Who is Joe Biden? A profile of the oldest ...,https://news.sky.com/story/us-election-2020-who-is-joe-biden-a-profile-of-the-oldest-president-elect-in-history-12125792
"Sun, 08 Nov 2020 00:00:00 +0100",Naomi Biden,"2,000+",Joe Biden&#39;s granddaughter Naomi Biden shares photo of family ...,https://www.fox10phoenix.com/news/joe-bidens-granddaughter-naomi-biden-shares-photo-of-family-celebration
"Sun, 08 Nov 2020 16:00:00 +0100",Atalanta vs Inter Milan,"2,000+",Atalanta vs. Inter Milan LIVE STREAM (11/8/20): Watch Serie A ...,https://www.nj.com/sports/2020/11/atalanta-vs-inter-milan-live-stream-11820-watch-serie-a-online-time-usa-tv-channel.html
"Sun, 08 Nov 2020 09:00:00 +0100",Kamala Harris' husband,"2,000+",A family of firsts: Kamala Harris&#39; husband Doug Emhoff will be the ...,https://www.insider.com/kamala-harris-husband-emhoff-first-second-gentleman-2020-11
"Sun, 08 Nov 2020 15:00:00 +0100",Utrecht vs Ajax,"2,000+",Utrecht vs Ajax live stream: Watch Eredivisie online,https://www.squawka.com/en/utrecht-ajax-live-stream-how-to-watch-eredivisie/
"Sun, 08 Nov 2020 18:00:00 +0100",Valencia vs Real Madrid,"2,000+","Valencia vs Real Madrid, 2020 La Liga: Predicted lineups",https://www.managingmadrid.com/2020/11/8/21554895/valencia-vs-real-madrid-2020-la-liga-lineups
"Sat, 07 Nov 2020 19:00:00 +0100",Joe Biden,"200,000+",Joe Biden wins US Presidential Election,https://nairametrics.com/2020/11/07/joe-biden-wins-us-presidential-election/
"Sat, 07 Nov 2020 08:00:00 +0100",Everton vs Man United,"100,000+","Everton vs Man Utd preview, team news, kick-off",https://www.skysports.com/football/everton-vs-man-utd/preview/428911
"Sat, 07 Nov 2020 08:00:00 +0100",Chelsea vs Sheffield United,"100,000+",Confirmed Teams: Chelsea vs Sheffield United | Premier League,https://www.si.com/soccer/chelsea/match-coverage/confirmed-teams-chelsea-sheffield-united-pl-071120
"Sat, 07 Nov 2020 16:00:00 +0100",Barcelona vs Real Betis,"50,000+",Barcelona vs. Real Betis - Football Match Report - November 7 ...,https://www.espn.com/soccer/report?gameId=582120
"Sat, 07 Nov 2020 18:00:00 +0100",Dortmund vs Bayern,"20,000+",Dortmund 2-3 Bayern Munich commentary,https://www.skysports.com/football/b-dortmund-vs-bay-munich/live/427502
"Sat, 07 Nov 2020 21:00:00 +0100",PSG vs Rennes,"20,000+",PSG vs Rennes live stream: How to watch Ligue 1 online,https://www.squawka.com/en/psg-rennes-live-stream-watch-ligue-1-online/
"Sat, 07 Nov 2020 22:00:00 +0100",West Ham vs Fulham,"10,000+",West Ham win after Lookman penalty miss,https://www.bbc.co.uk/sport/football/54758064
"Tue, 10 Nov 2020 13:00:00 +0100",Blasphemy,"5,000+",Rahama Sadau face death sentence for blasphemy? See wetin we ...,https://www.bbc.com/pidgin/tori-54891453
"Tue, 10 Nov 2020 15:00:00 +0100",Ken Saro-Wiwa,"2,000+",Ken Saro-Wiwa: &#39;Their only crime was peacefully pursuing human ...,https://www.vanguardngr.com/2020/11/ken-saro-wiwa-their-only-crime-was-peacefully-pursuing-human-rights-for-ogoni-people/
"Mon, 09 Nov 2020 16:00:00 +0100",Arsenal vs Aston Villa,"50,000+",Aston Villa star makes Arsenal revelation as Gunners youngster is ...,https://www.football.london/arsenal-fc/news/arsenal-gabriel-martinelli-thomas-partey-19252001
"Mon, 09 Nov 2020 18:00:00 +0100",Davido ft Lil Baby,"50,000+",Davido and Lil Baby link up for “So Crazy”,https://www.thefader.com/2020/11/09/davido-lil-baby-so-crazy-music-video
"Mon, 09 Nov 2020 17:00:00 +0100",Asylum,"10,000+",Cameroon Activists Fear for Fate of Asylum Seekers US Plans to ...,https://www.voanews.com/africa/cameroon-activists-fear-fate-asylum-seekers-us-plans-deport
"Mon, 09 Nov 2020 20:00:00 +0100",DJ Switch,"10,000+","Wetin Asylum mean, who get right to seek asylum? - BBC News Pidgin",https://www.bbc.com/pidgin/world-54884657
"Mon, 09 Nov 2020 11:00:00 +0100",Shina Rambo,"10,000+","Who be Shina Rambo, one of Nigeria &#39;most wanted criminal&#39; - BBC ...",https://www.bbc.com/pidgin/media-54875517
"Mon, 09 Nov 2020 12:00:00 +0100",AC Milan,"5,000+",Official: Verónica Boquete signs for AC Milan,https://acmilan.theoffside.com/2020/11/9/21556441/official-veronica-boquete-signs-for-ac-milan-women-femminile-transfers-news-spain-italy-acmilan
"Mon, 09 Nov 2020 20:00:00 +0100",Pfizer,"5,000+",Covid-19 vaccine from Pfizer and BioNTech is strongly effective ...,https://www.statnews.com/2020/11/09/covid-19-vaccine-from-pfizer-and-biontech-is-strongly-effective-early-data-from-large-trial-indicate/
"Mon, 09 Nov 2020 10:00:00 +0100",Pineapple,"5,000+","Canned Pineapple Market Size, Drivers, Potential Growth ...",https://eurowire.co/uncategorized/1033945/canned-pineapple-market-size-drivers-potential-growth-opportunities-competitive-landscape-trends-and-forecast-to-2027/
"Mon, 09 Nov 2020 08:00:00 +0100",Ginger,"5,000+","Ginger Powder and Ginger Extract Market Size, Global Analytical ...",https://technoweekly.com/uncategorized/1002955/ginger-powder-and-ginger-extract-market-size-global-analytical-overview-key-players-regional-demand-trends-and-forecast-to-2026/
"Mon, 09 Nov 2020 20:00:00 +0100",Lilian Bach,"2,000+",Veteran actress Lilian Bach releases stunning photos to celebrate ...,https://www.pulse.ng/entertainment/celebrities/veteran-actress-lilian-bach-releases-stunning-photos-as-she-turns-50/vlm3k24
"Mon, 09 Nov 2020 10:00:00 +0100",Ginimbi accident,"2,000+",Zimbabwe socialite killed in car accident after posting a video saying ...,https://www.dailymail.co.uk/news/article-8928809/Zimbabwe-socialite-killed-car-accident-posting-video-saying-pop-champagne.html
"Sun, 08 Nov 2020 18:00:00 +0100",Valencia vs Real Madrid,"50,000+","CONFIRMED lineups: Valencia vs Real Madrid, 2020 La Liga",https://www.managingmadrid.com/2020/11/8/21555380/valencia-vs-real-madrid-2020-la-liga-live-online-stream
"Sun, 08 Nov 2020 12:00:00 +0100",Lazio vs Juventus,"20,000+",Man Utd stars told &#39;siege mentality&#39; can strengthen bond and end ...,https://www.thesun.co.uk/sport/football/13127488/lazio-juventus-live-stream-free-tv-watch-serie-a-online/
"Sun, 08 Nov 2020 12:00:00 +0100",West Brom vs Tottenham,"20,000+","West Brom vs Tottenham Betting Tips: Latest odds, team news ...",https://www.goal.com/en/news/west-brom-vs-tottenham-betting-tips-latest-odds-team-news/74dre6prggw1aellmypoiyhi
"Sun, 08 Nov 2020 16:00:00 +0100",Ander Herrera,"20,000+",&#39;Herrera died in the dressing room&#39; - PSG boss Tuchel singles out ...,https://www.goal.com/en/news/herrera-died-in-the-dressing-room-psg-boss-tuchel-rennes-win/byanzk1agkg5z47lcyq9efm6
"Sun, 08 Nov 2020 15:00:00 +0100",Leicester City vs Wolves,"20,000+",Leicester City vs. Wolverhampton Wanderers - Football Match ...,https://www.espn.com/soccer/report?gameId=578590
"Sun, 08 Nov 2020 13:00:00 +0100",Ginimbi,"10,000+",Who be Moana di Zimbabwe model wey die for accident with ...,https://www.bbc.com/pidgin/tori-54874525
